Key,Value,File,UsedIn,ComponentName,PageURL,Status,Notes
"auth.login","Log In","auth.json","components//ui/login-prompt-modal.tsx","/ui/login-prompt-modal","","完了","i18n対応済み"
"auth.signup.title","Sign Up","auth.json","app/[locale]/auth/login/page.tsx; app/auth/signup/page.tsx; app/auth/signup/page.tsx","page","","完了","修正完了: app/[locale]/auth/login/page.tsxでハードコードをt()に変換"
"auth.signup.subtitle","Create an account and start trading Pokémon cards","auth.json","app/auth/signup/page.tsx","page","","完了","修正完了: app/auth/signup/page.tsxでハードコードをt()に変換"
"auth.signup.emailFormTitle","Sign up with Email","auth.json","app/auth/signup/page.tsx","page","","完了","修正完了: app/auth/signup/page.tsxでハードコードをt()に変換"
"auth.signup.emailFormSubtitle","Enter your account information","auth.json","app/auth/signup/page.tsx","page","","完了","修正完了: app/auth/signup/page.tsxでハードコードをt()に変換"
"auth.signup.loginPrompt","Already have an account?","auth.json","app/auth/signup/page.tsx; app/auth/signup/page.tsx","page","","完了","修正完了: app/auth/signup/page.tsxでハードコードをt()に変換"
"auth.signup.termsAgreement","By signing up, you agree to our Terms of Service and Privacy Policy.","auth.json","app/auth/signup/page.tsx; app/auth/signup/page.tsx","page","","完了","修正完了: app/auth/signup/page.tsxでハードコードをt()に変換"
"auth.signup.confirmationNote","Please review and proceed with registration.","auth.json","app/auth/signup/page.tsx","page","","完了","修正完了: app/auth/signup/page.tsxでハードコードをt()に変換"
"auth.reset.title","Reset Password","auth.json","app/auth/reset/page.tsx","page","","完了","修正完了: app/auth/reset/page.tsxでハードコードをt()に変換"
"auth.reset.subtitle","Enter your registered email address","auth.json","app/auth/reset/page.tsx","page","","完了","修正完了: app/auth/reset/page.tsxでハードコードをt()に変換"
"auth.reset.newPasswordTitle","Set New Password","auth.json","app/auth/reset/page.tsx; app/auth/reset/page.tsx","page","","完了","修正完了: app/auth/reset/page.tsxでハードコードをt()に変換"
"auth.reset.newPasswordSubtitle","Enter your new password","auth.json","app/auth/reset/page.tsx","page","","完了","修正完了: app/auth/reset/page.tsxでハードコードをt()に変換"
"auth.reset.backToLogin","Back to Login Page","auth.json","app/auth/auth-code-error/page.tsx; app/auth/reset/page.tsx; app/auth/reset/page.tsx","page","","完了","修正完了: app/auth/reset/page.tsxでハードコードをt()に変換"
"auth.modal.loginPromptTitle","Get More with an Account!","auth.json","Not found in codebase","","","未実装","翻訳キーが定義されているが、コード内で使用されていない"
"auth.modal.benefits.autoFill","Auto-fill Pokepoke ID & Username","auth.json","Not found in codebase","","","未実装","翻訳キーが定義されているが、コード内で使用されていない"
"auth.modal.benefits.listCreation","Create wanted/offered card lists","auth.json","Not found in codebase","","","未実装","翻訳キーが定義されているが、コード内で使用されていない"
"auth.modal.benefits.notifications","Receive updates via notification icon","auth.json","Not found in codebase","","","未実装","翻訳キーが定義されているが、コード内で使用されていない"
"auth.modal.benefits.history","Check trade status in history","auth.json","Not found in codebase","","","未実装","翻訳キーが定義されているが、コード内で使用されていない"
"auth.modal.benefits.favorites","Favorite decks","auth.json","Not found in codebase","","","未実装","翻訳キーが定義されているが、コード内で使用されていない"
"auth.loginPrompt.title","Account Registration","auth.json","components//login-prompt.tsx","/login-prompt","","完了","i18n対応済み"
"auth.loginPrompt.description","Logging in makes comment management and notifications more convenient. If you don't have an account, signing up is easy.","auth.json","components//login-prompt.tsx","/login-prompt","","完了","i18n対応済み"
"auth.accountBenefits","Account Benefits","auth.json","components//ui/login-prompt-modal.tsx","/ui/login-prompt-modal","","完了","i18n対応済み"
"auth.benefit1","Auto-fill Pokepoke ID & Username","auth.json","components//ui/login-prompt-modal.tsx","/ui/login-prompt-modal","","完了","i18n対応済み"
"auth.benefit2","Create wanted/offered card lists","auth.json","components//ui/login-prompt-modal.tsx","/ui/login-prompt-modal","","完了","i18n対応済み"
"auth.benefit3","Receive updates via notification icon","auth.json","components//ui/login-prompt-modal.tsx","/ui/login-prompt-modal","","完了","i18n対応済み"
"auth.benefit4","Check trade status in history","auth.json","components//ui/login-prompt-modal.tsx","/ui/login-prompt-modal","","完了","i18n対応済み"
"auth.benefit5","Favorite decks","auth.json","components//ui/login-prompt-modal.tsx","/ui/login-prompt-modal","","完了","i18n対応済み"
"auth.register","Sign Up","auth.json","components//ui/login-prompt-modal.tsx","/ui/login-prompt-modal","","完了","i18n対応済み"
"auth.continueAsGuest","Continue as Guest","auth.json","components//ui/login-prompt-modal.tsx","/ui/login-prompt-modal","","完了","i18n対応済み"
"cards.categories.all","All","cards.json","components//detailed-search-modal.tsx (partial match)","/detailed-search-modal","","完了","修正完了: /detailed-search-modalで名前空間プレフィックスを追加"
"cards.categories.pokemon","Pokemon","cards.json","components//detailed-search-modal.tsx (partial match)","/detailed-search-modal","","完了","修正完了: /detailed-search-modalで名前空間プレフィックスを追加"
"cards.categories.trainers","Trainers","cards.json","components//detailed-search-modal.tsx (partial match)","/detailed-search-modal","","完了","修正完了: /detailed-search-modalで名前空間プレフィックスを追加"
"cards.categories.goods","Goods","cards.json","components//detailed-search-modal.tsx (partial match)","/detailed-search-modal","","完了","修正完了: /detailed-search-modalで名前空間プレフィックスを追加"
"cards.categories.tools","Tools","cards.json","components//detailed-search-modal.tsx (partial match)","/detailed-search-modal","","完了","修正完了: /detailed-search-modalで名前空間プレフィックスを追加"
"cards.types.all","All Types","cards.json","components//detailed-search-modal.tsx (partial match)","/detailed-search-modal","","完了","修正完了: /detailed-search-modalで名前空間プレフィックスを追加"
"cards.types.grass","Grass","cards.json","components//detailed-search-modal.tsx (partial match)","/detailed-search-modal","","完了","修正完了: /detailed-search-modalで名前空間プレフィックスを追加"
"cards.types.fire","Fire","cards.json","components//detailed-search-modal.tsx (partial match)","/detailed-search-modal","","完了","修正完了: /detailed-search-modalで名前空間プレフィックスを追加"
"cards.types.water","Water","cards.json","components//detailed-search-modal.tsx (partial match)","/detailed-search-modal","","完了","修正完了: /detailed-search-modalで名前空間プレフィックスを追加"
"cards.types.electric","Electric","cards.json","components//detailed-search-modal.tsx (partial match)","/detailed-search-modal","","完了","修正完了: /detailed-search-modalで名前空間プレフィックスを追加"
"cards.types.psychic","Psychic","cards.json","components//detailed-search-modal.tsx (partial match)","/detailed-search-modal","","完了","修正完了: /detailed-search-modalで名前空間プレフィックスを追加"
"cards.types.fighting","Fighting","cards.json","components//detailed-search-modal.tsx (partial match)","/detailed-search-modal","","完了","修正完了: /detailed-search-modalで名前空間プレフィックスを追加"
"cards.types.dark","Dark","cards.json","app/[locale]/decks/[id]/page.tsx; app/[locale]/decks/create/page.tsx; app/admin/decks/page.tsx","page","","完了","修正完了: app/[locale]/decks/[id]/page.tsxでハードコードを翻訳キーに置換"
"cards.types.darkness","Dark","cards.json","components//detailed-search-modal.tsx (partial match)","/detailed-search-modal","","完了","修正完了: /detailed-search-modalで名前空間プレフィックスを追加"
"cards.types.steel","Steel","cards.json","app/[locale]/decks/[id]/page.tsx; app/[locale]/decks/create/page.tsx; app/admin/decks/page.tsx","page","","完了","修正完了: app/[locale]/decks/[id]/page.tsxでハードコードを翻訳キーに置換"
"cards.types.metal","Steel","cards.json","components//detailed-search-modal.tsx (partial match)","/detailed-search-modal","","完了","修正完了: /detailed-search-modalで名前空間プレフィックスを追加"
"cards.types.colorless","Colorless","cards.json","components//detailed-search-modal.tsx (partial match)","/detailed-search-modal","","完了","修正完了: /detailed-search-modalで名前空間プレフィックスを追加"
"cards.types.dragon","Dragon","cards.json","components//detailed-search-modal.tsx (partial match)","/detailed-search-modal","","完了","修正完了: /detailed-search-modalで名前空間プレフィックスを追加"
"cards.rarities.all","All Rarities","cards.json","components//detailed-search-modal.tsx (partial match)","/detailed-search-modal","","完了","修正完了: /detailed-search-modalで名前空間プレフィックスを追加"
"cards.rarities.diamond1","Diamond 1","cards.json","components//detailed-search-modal.tsx (partial match)","/detailed-search-modal","","完了","修正完了: /detailed-search-modalで名前空間プレフィックスを追加"
"cards.rarities.diamond2","Diamond 2","cards.json","components//detailed-search-modal.tsx (partial match)","/detailed-search-modal","","完了","修正完了: /detailed-search-modalで名前空間プレフィックスを追加"
"cards.rarities.diamond3","Diamond 3","cards.json","components//detailed-search-modal.tsx (partial match)","/detailed-search-modal","","完了","修正完了: /detailed-search-modalで名前空間プレフィックスを追加"
"cards.rarities.diamond4","Diamond 4","cards.json","components//detailed-search-modal.tsx (partial match)","/detailed-search-modal","","完了","修正完了: /detailed-search-modalで名前空間プレフィックスを追加"
"cards.rarities.star1","Star 1","cards.json","components//detailed-search-modal.tsx (partial match)","/detailed-search-modal","","完了","修正完了: /detailed-search-modalで名前空間プレフィックスを追加"
"cards.rarities.star2","Star 2","cards.json","components//detailed-search-modal.tsx (partial match)","/detailed-search-modal","","完了","修正完了: /detailed-search-modalで名前空間プレフィックスを追加"
"cards.rarities.star3","Star 3","cards.json","components//detailed-search-modal.tsx (partial match)","/detailed-search-modal","","完了","修正完了: /detailed-search-modalで名前空間プレフィックスを追加"
"cards.rarities.crown","Crown","cards.json","components//detailed-search-modal.tsx (partial match)","/detailed-search-modal","","完了","修正完了: /detailed-search-modalで名前空間プレフィックスを追加"
"cards.rarities.crownLabel","♔","cards.json","components//detailed-search-modal.tsx (partial match)","/detailed-search-modal","","完了","修正完了: /detailed-search-modalで名前空間プレフィックスを追加"
"cards.rarities.color1","Color 1","cards.json","components//detailed-search-modal.tsx (partial match)","/detailed-search-modal","","完了","修正完了: /detailed-search-modalで名前空間プレフィックスを追加"
"cards.rarities.color1Label","1","cards.json","components//detailed-search-modal.tsx (partial match)","/detailed-search-modal","","完了","修正完了: /detailed-search-modalで名前空間プレフィックスを追加"
"cards.rarities.color2","Color 2","cards.json","components//detailed-search-modal.tsx (partial match)","/detailed-search-modal","","完了","修正完了: /detailed-search-modalで名前空間プレフィックスを追加"
"cards.rarities.color2Label","2","cards.json","components//detailed-search-modal.tsx (partial match)","/detailed-search-modal","","完了","修正完了: /detailed-search-modalで名前空間プレフィックスを追加"
"cards.packs.all","All Packs","cards.json","components//detailed-search-modal.tsx (partial match)","/detailed-search-modal","","完了","修正完了: /detailed-search-modalで名前空間プレフィックスを追加"
"cards.filters.type","Type","cards.json","components//detailed-search-modal.tsx (partial match)","/detailed-search-modal","","完了","修正完了: /detailed-search-modalで名前空間プレフィックスを追加"
"cards.filters.pack","Pack Name","cards.json","components//detailed-search-modal.tsx (partial match)","/detailed-search-modal","","完了","修正完了: /detailed-search-modalで名前空間プレフィックスを追加"
"comments.title","Comments","comments.json","app/[locale]/trades/create/page.tsx; app/[locale]/trades/create/page.tsx; app/[locale]/trades/create/page.tsx","page","","完了","修正完了: app/[locale]/trades/create/page.tsxでハードコードをt()に変換"
"comments.titleWithCount","Comments ({count})","comments.json","Not found in codebase","","","未実装","翻訳キーが定義されているが、コード内で使用されていない"
"comments.anonymousUser","Anonymous User","comments.json","app/[locale]/decks/[id]/page.tsx","page","","完了","修正完了: app/[locale]/decks/[id]/page.tsxでハードコードを翻訳キーに置換"
"comments.guest","Guest","comments.json","app/[locale]/trades/create/page.tsx; app/[locale]/favorites/page.tsx; app/[locale]/favorites/page.tsx","page","","完了","修正完了: app/[locale]/trades/create/page.tsxでハードコードをt()に変換"
"comments.justNow","Just now","comments.json","Not found in codebase","","","未実装","翻訳キーが定義されているが、コード内で使用されていない"
"comments.noComments","No comments yet.","comments.json","Not found in codebase","","","未実装","翻訳キーが定義されているが、コード内で使用されていない"
"comments.placeholder","Enter your comment...","comments.json","Not found in codebase","","","未実装","翻訳キーが定義されているが、コード内で使用されていない"
"comments.placeholderGuest","Enter your comment as a guest...","comments.json","Not found in codebase","","","未実装","翻訳キーが定義されているが、コード内で使用されていない"
"comments.pleaseEnter","Please enter a comment.","comments.json","Not found in codebase","","","未実装","翻訳キーが定義されているが、コード内で使用されていない"
"comments.posted","Posted","comments.json","Not found in codebase","","","未実装","翻訳キーが定義されているが、コード内で使用されていない"
"comments.postedSuccess","Comment posted successfully","comments.json","Not found in codebase","","","未実装","翻訳キーが定義されているが、コード内で使用されていない"
"comments.postedAsGuest","Comment posted as guest","comments.json","Not found in codebase","","","未実装","翻訳キーが定義されているが、コード内で使用されていない"
"comments.postError","Failed to post comment","comments.json","Not found in codebase","","","未実装","翻訳キーが定義されているが、コード内で使用されていない"
"comments.postErrorTitle","Comment Post Error","comments.json","Not found in codebase","","","未実装","翻訳キーが定義されているが、コード内で使用されていない"
"comments.postErrorRetry","Failed to post comment. Please try again.","comments.json","Not found in codebase","","","未実装","翻訳キーが定義されているが、コード内で使用されていない"
"comments.loadError","Failed to load comments.","comments.json","Not found in codebase","","","未実装","翻訳キーが定義されているが、コード内で使用されていない"
"comments.loggedInAs","Logged in as: {name}","comments.json","Not found in codebase","","","未実装","翻訳キーが定義されているが、コード内で使用されていない"
"comments.edited","Edited","comments.json","components/TradeComments.tsx","TradeComments","","完了","修正完了: components/TradeComments.tsxでハードコードを翻訳キーに置換"
"comments.shortcutHint","Press Ctrl+Enter to submit","comments.json","Not found in codebase","","","未実装","翻訳キーが定義されているが、コード内で使用されていない"
"common.navigation.home","Home","common.json","components//footer.tsx; components//layout/footer-navigation.tsx","/footer, /layout/footer-navigation","","完了","i18n対応済み"
"common.navigation.matching","Matching","common.json","components//footer.tsx; components//layout/footer-navigation.tsx","/footer, /layout/footer-navigation","","完了","i18n対応済み"
"common.navigation.decks","Decks","common.json","components//footer.tsx; components//layout/footer-navigation.tsx","/footer, /layout/footer-navigation","","完了","i18n対応済み"
"common.navigation.history","History","common.json","components//footer.tsx; components//layout/footer-navigation.tsx","/footer, /layout/footer-navigation","","完了","i18n対応済み"
"common.navigation.info","News","common.json","components//footer.tsx; components//layout/footer-navigation.tsx","/footer, /layout/footer-navigation","","完了","i18n対応済み"
"common.navigation.backToTimeline","Back to Timeline","common.json","components//trade-detail-client.tsx (partial match)","/trade-detail-client","","完了","修正完了: trade-detail-clientで名前空間プレフィックスを追加"
"common.navigation.backToTop","Back to Top","common.json","app/[locale]/collages/page.tsx","page","","完了","修正完了: app/[locale]/collages/page.tsxでハードコードを翻訳キーに置換"
"common.navigation.backToLists","Back to Lists","common.json","app/[locale]/lists/[id]/page.tsx; app/[locale]/lists/create/page.tsx","page","","完了","修正完了: app/[locale]/lists/create/page.tsxでハードコードをt()に変換"
"common.navigation.backToLogin","Back to Login","common.json","app/auth/auth-code-error/page.tsx; app/auth/reset/page.tsx; app/auth/reset/page.tsx","page","","完了","修正完了: app/auth/reset/page.tsxでハードコードをt()に変換"
"common.buttons.signup","Sign Up","common.json","components//layout/header.tsx","/layout/header","","完了","i18n対応済み"
"common.buttons.login","Log In","common.json","components//layout/header.tsx","/layout/header","","完了","i18n対応済み"
"common.buttons.logout","Log Out","common.json","components//layout/header.tsx","/layout/header","","完了","i18n対応済み"
"common.buttons.registerPokepokeId","Register Pokepoke ID","common.json","components//layout/header.tsx","/layout/header","","完了","i18n対応済み"
"common.buttons.registerUsername","Register Username","common.json","components//layout/header.tsx","/layout/header","","完了","i18n対応済み"
"common.buttons.contact","Contact Us","common.json","components//layout/header.tsx","/layout/header","","完了","i18n対応済み"
"common.buttons.createTrade","Create Trade Post","common.json","app//[locale]/page.tsx","","","完了","i18n対応済み"
"common.buttons.generateCollage","Generate Collage","common.json","app//[locale]/page.tsx","","","完了","i18n対応済み"
"common.buttons.createCardList","Create Card List","common.json","app//[locale]/page.tsx","","","完了","i18n対応済み"
"common.buttons.detailedSearch","Details","common.json","app//[locale]/page.tsx","","","完了","i18n対応済み"
"common.buttons.search","Search","common.json","app//[locale]/page.tsx","","","完了","i18n対応済み"
"common.buttons.submit","Submit","common.json","app/[locale]/trades/create/page.tsx","page","","完了","修正完了: app/[locale]/trades/create/page.tsxでハードコードをt()に変換"
"common.buttons.submitting","Submitting...","common.json","app/[locale]/trades/create/page.tsx; app/auth/signup/page.tsx; app/auth/signup/page.tsx","page","","完了","修正完了: app/auth/signup/page.tsxでハードコードをt()に変換"
"common.buttons.selectCards","Select Cards (Max 20)","common.json","app/[locale]/trades/create/page.tsx; app/[locale]/trades/create/page.tsx","page","","完了","修正完了: app/[locale]/trades/create/page.tsxでハードコードをt()に変換"
"common.buttons.selectFromList","Select from List","common.json","app/[locale]/trades/create/page.tsx","page","","完了","修正完了: app/[locale]/trades/create/page.tsxでハードコードをt()に変換"
"common.buttons.refreshSession","Refresh Session","common.json","app/[locale]/trades/create/page.tsx; app/[locale]/trades/create/page.tsx; app/[locale]/trades/create/page.tsx","page","","完了","修正完了: app/[locale]/trades/create/page.tsxでハードコードをt()に変換"
"common.buttons.complete","Complete","common.json","components//detailed-search-modal.tsx (partial match)","/detailed-search-modal","","完了","修正完了: detailed-search-modalで名前空間プレフィックスを追加"
"common.buttons.close","Close","common.json","components//detailed-search-modal.tsx (partial match)","/detailed-search-modal","","完了","修正完了: detailed-search-modalで名前空間プレフィックスを追加"
"common.buttons.createList","Create List","common.json","app/[locale]/lists/page.tsx; app/[locale]/lists/page.tsx; app/[locale]/lists/page.tsx","page","","完了","修正完了: app/[locale]/lists/page.tsxでハードコードをt()に変換"
"common.buttons.creating","Creating...","common.json","components//trade-owned-lists/list-creation-modal.tsx (partial match)","/trade-owned-lists/list-creation-modal","","完了","修正完了: list-creation-modalで名前空間プレフィックスを追加"
"common.buttons.searchAndAddCards","Search & Add Cards","common.json","app/[locale]/lists/create/page.tsx","page","","完了","修正完了: app/[locale]/lists/create/page.tsxでハードコードをt()に変換"
"common.buttons.share","Share","common.json","app/[locale]/collages/page.tsx; app/layout.tsx; components/share-modal.tsx","page, layout, share-modal","","完了","修正完了: components/share-modal.tsxでハードコードをt()に変換"
"common.buttons.details","Details","common.json","app/[locale]/lists/[id]/page.tsx; app/[locale]/lists/[id]/page.tsx; app/[locale]/lists/page.tsx","page","","完了","修正完了: app/[locale]/lists/page.tsxでハードコードをt()に変換"
"common.buttons.continueAsGuest","Continue as Guest","common.json","components//login-prompt.tsx","/login-prompt","","完了","部分一致で検出。名前空間なしで呼び出している可能性あり"
"common.buttons.loggingIn","Logging In...","common.json","app/[locale]/auth/login/page.tsx; app/[locale]/trades/create/page.tsx; app/auth/login/page.tsx","page","","完了","修正完了: app/[locale]/auth/login/page.tsxでハードコードをt()に変換"
"common.buttons.googleLogin","Sign in with Google","common.json","app/[locale]/auth/login/page.tsx; app/auth/login/page.tsx","page","","完了","修正完了: app/[locale]/auth/login/page.tsxでハードコードをt()に変換"
"common.buttons.xLogin","Sign in with X","common.json","app/[locale]/auth/login/page.tsx; app/auth/login/page.tsx","page","","完了","修正完了: app/[locale]/auth/login/page.tsxでハードコードをt()に変換"
"common.buttons.lineLogin","Sign in with LINE (Coming Soon)","common.json","app/[locale]/auth/login/page.tsx; app/auth/login/page.tsx","page","","完了","修正完了: app/[locale]/auth/login/page.tsxでハードコードをt()に変換"
"common.buttons.resendConfirmation","Resend Confirmation Email","common.json","app/[locale]/auth/login/page.tsx; app/[locale]/auth/login/page.tsx; app/auth/login/page.tsx","page","","完了","修正完了: app/[locale]/auth/login/page.tsxでハードコードをt()に変換"
"common.buttons.createAccount","Create Account","common.json","app/auth/signup/page.tsx; app/auth/signup/page.tsx","page","","完了","修正完了: app/auth/signup/page.tsxでハードコードをt()に変換"
"common.buttons.signupWithEmail","Sign up with Email","common.json","app/auth/signup/page.tsx","page","","完了","修正完了: app/auth/signup/page.tsxでハードコードをt()に変換"
"common.buttons.signupWithGoogle","Sign up with Google","common.json","app/auth/signup/page.tsx","page","","完了","修正完了: app/auth/signup/page.tsxでハードコードをt()に変換"
"common.buttons.signupWithX","Sign up with X","common.json","app/auth/signup/page.tsx","page","","完了","修正完了: app/auth/signup/page.tsxでハードコードをt()に変換"
"common.buttons.signupWithLine","Sign up with LINE (Coming Soon)","common.json","app/auth/signup/page.tsx","page","","完了","修正完了: app/auth/signup/page.tsxでハードコードをt()に変換"
"common.buttons.backToOptions","← Back to Other Options","common.json","app/auth/signup/page.tsx","page","","完了","修正完了: app/auth/signup/page.tsxでハードコードをt()に変換"
"common.buttons.updatePassword","Update Password","common.json","app/auth/reset/page.tsx","page","","完了","修正完了: app/auth/reset/page.tsxでハードコードをt()に変換"
"common.buttons.updating","Updating...","common.json","app/[locale]/lists/[id]/page.tsx; app/auth/reset/page.tsx; components/trade-owned-lists/list-editor-modal.tsx","page, list-editor-modal","","完了","修正完了: app/auth/reset/page.tsxでハードコードをt()に変換"
"common.buttons.sendResetEmail","Send Reset Email","common.json","app/auth/reset/page.tsx","page","","完了","修正完了: app/auth/reset/page.tsxでハードコードをt()に変換"
"common.buttons.sending","Sending...","common.json","components//MatchingSurvey.tsx","/MatchingSurvey","","完了","i18n対応済み"
"common.buttons.cancel","Cancel","common.json","components//collage/collage-generator-modal.tsx (partial match); components//trade-owned-lists/list-creation-modal.tsx (partial match)","/collage/collage-generator-modal, /trade-owned-lists/list-creation-modal","","完了","修正完了: collage-generator-modalで名前空間プレフィックスを追加"
"common.buttons.next","Next","common.json","components//collage/collage-generator-modal.tsx (partial match)","/collage/collage-generator-modal","","完了","修正完了: collage-generator-modalで名前空間プレフィックスを追加"
"common.buttons.back","Back","common.json","components//collage/collage-generator-modal.tsx (partial match)","/collage/collage-generator-modal","","完了","修正完了: collage-generator-modalで名前空間プレフィックスを追加"
"common.buttons.generate","Generate Collage","common.json","components//collage/collage-generator-modal.tsx (partial match)","/collage/collage-generator-modal","","完了","修正完了: collage-generator-modalで名前空間プレフィックスを追加"
"common.buttons.generating","Generating...","common.json","components//collage/collage-generator-modal.tsx (partial match)","/collage/collage-generator-modal","","完了","修正完了: collage-generator-modalで名前空間プレフィックスを追加"
"common.buttons.copy","Copy","common.json","components/share-modal.tsx; components/share-modal.tsx; components/share-modal.tsx","share-modal","","完了","修正完了: components/share-modal.tsxでハードコードをt()に変換"
"common.buttons.copied","Copied","common.json","components/share-modal.tsx","share-modal","","完了","修正完了: components/share-modal.tsxでハードコードをt()に変換"
"common.buttons.send","Send","common.json","components//MatchingSurvey.tsx","/MatchingSurvey","","完了","i18n対応済み"
"common.buttons.toLoginPage","Go to Login Page","common.json","app/[locale]/lists/create/page.tsx; app/auth/reset/page.tsx","page","","完了","修正完了: app/[locale]/lists/create/page.tsxでハードコードをt()に変換"
"common.buttons.post","Post","common.json","app/[locale]/trades/[id]/opengraph-image.tsx; app/[locale]/trades/[id]/opengraph-image.tsx; app/[locale]/trades/[id]/page.tsx","opengraph-image, page","","完了","修正完了: app/[locale]/trades/[id]/page.tsxでハードコードをt()に変換"
"common.buttons.viewDetails","View Details","common.json","components/tournament-calendar.tsx; components/deck-horizontal-row.tsx","tournament-calendar, deck-horizontal-row","","完了","修正完了: components/deck-horizontal-row.tsxでハードコードを翻訳キーに置換"
"common.buttons.createPost","Create New Post","common.json","components/header.tsx; components/header.tsx","header","","完了","修正完了: components/header.tsxでハードコードをt()に変換"
"common.labels.or","OR","common.json","app/[locale]/auth/login/page.tsx; app/[locale]/auth/login/page.tsx; app/auth/login/page.tsx","page","","完了","修正完了: app/[locale]/auth/login/page.tsxでハードコードをt()に変換"
"common.labels.soon","SOON","common.json","components//layout/footer-navigation.tsx","/layout/footer-navigation","","完了","i18n対応済み"
"common.labels.recruiting","Recruiting","common.json","components/history-item-card.tsx; components/trade-post-card.tsx","history-item-card, trade-post-card","","完了","修正完了: components/history-item-card.tsxでハードコードをt()に変換"
"common.labels.inProgress","In Progress","common.json","components/history-item-card.tsx; components/trade-post-card.tsx","history-item-card, trade-post-card","","完了","修正完了: components/history-item-card.tsxでハードコードをt()に変換"
"common.labels.completed","Completed","common.json","app/[locale]/lists/create/page.tsx; app/[locale]/auth/login/page.tsx; app/[locale]/trades/create/page.tsx","page","","完了","修正完了: app/[locale]/auth/login/page.tsxでハードコードをt()に変換"
"common.labels.negotiable","Negotiable","common.json","app/[locale]/trades/[id]/page.tsx; app/[locale]/trades/[id]/page.tsx","page","","完了","修正完了: app/[locale]/trades/[id]/page.tsxでハードコードをt()に変換"
"common.labels.user","User","common.json","components//trade-detail-client.tsx (partial match)","/trade-detail-client","","完了","修正完了: trade-detail-clientで名前空間プレフィックスを追加"
"common.labels.adSpace","Ad Space","common.json","app//[locale]/page.tsx","","","完了","i18n対応済み"
"common.labels.profileBanner","Profile Banner","common.json","app//[locale]/page.tsx","","","完了","i18n対応済み"
"common.header.openUserMenu","Open User Menu","common.json","components/layout/header.tsx; components/header.tsx","header","","完了","修正完了: components/header.tsxでハードコードをt()に変換"
"common.header.userAvatar","User Avatar","common.json","components/layout/header.tsx; components/header.tsx; components/header.tsx","header","","完了","修正完了: components/header.tsxでハードコードをt()に変換"
"common.header.logoAlt","PokeLink Logo","common.json","components/layout/header.tsx; components/header.tsx","header","","完了","修正完了: components/header.tsxでハードコードをt()に変換"
"common.header.notAuthenticated","User not authenticated.","common.json","Not found in codebase","","","未実装","翻訳キーが定義されているが、コード内で使用されていない"
"common.footer.navigation","Navigation","common.json","components/admin/block-type-selector.tsx","block-type-selector","","要修正","ハードコード発見: 1箇所 - ナビゲーション"
"common.misc.selectLanguage","Select Language","common.json","Not found in codebase","","","未実装","翻訳キーが定義されているが、コード内で使用されていない"
"common.misc.confirm","Confirm","common.json","app/[locale]/contact/page.tsx; app/[locale]/contact/page.tsx; app/[locale]/lists/page.tsx","page","","完了","修正完了: app/[locale]/contact/page.tsxでハードコードをt()に変換"
"common.misc.switchLanguage","Switch Language","common.json","Not found in codebase","","","未実装","翻訳キーが定義されているが、コード内で使用されていない"
"common.misc.notSelected","No Card Selected","common.json","components//collage/collage-generator-modal.tsx (partial match)","/collage/collage-generator-modal","","完了","修正完了: collage-generator-modalで名前空間プレフィックスを追加"
"common.misc.noCardsYet","No cards selected yet","common.json","app/[locale]/lists/create/page.tsx; components/admin/deck-card-selection-modal.tsx","page, deck-card-selection-modal","","完了","修正完了: app/[locale]/lists/create/page.tsxでハードコードをt()に変換"
"common.misc.addCardsInstruction","Add cards using the button above","common.json","app/[locale]/lists/create/page.tsx; components/admin/deck-editor.tsx; components/trade-owned-lists/list-editor-modal.tsx","page, deck-editor, list-editor-modal","","完了","修正完了: app/[locale]/lists/create/page.tsxでハードコードをt()に変換"
"common.misc.processing","Processing...","common.json","Not found in codebase","","","未実装","翻訳キーが定義されているが、コード内で使用されていない"
"common.misc.loading","Loading...","common.json","app/[locale]/lists/[id]/page.tsx; app/[locale]/auth/login/loading.tsx; app/[locale]/favorites/page.tsx","page, loading","","完了","修正完了: app/[locale]/content/[id]/page.tsxでハードコードを翻訳キーに置換"
"common.user.online","Online","common.json","app/admin/tournaments/page.tsx; components/admin/tournament-form.tsx; components/header.tsx","page, tournament-form, header","","完了","修正完了: components/header.tsxでハードコードをt()に変換"
"common.user.setYourId","Set your exclusive ID","common.json","components/header.tsx","header","","完了","修正完了: components/header.tsxでハードコードをt()に変換"
"common.user.customizeDisplayName","Customize display name","common.json","components/header.tsx","header","","完了","修正完了: components/header.tsxでハードコードをt()に変換"
"common.contact.prompt","Share your questions or requests","common.json","components/header.tsx","header","","完了","修正完了: components/header.tsxでハードコードをt()に変換"
"common.auth.safeLogout","Safely sign out from account","common.json","components/header.tsx","header","","完了","修正完了: components/header.tsxでハードコードをt()に変換"
"common.language.ja","日本語","common.json","components/deck-card.tsx","deck-card","","完了","修正完了: components/deck-card.tsxでハードコードを翻訳キーに置換"
"common.language.en","English","common.json","Not found in codebase","","","未実装","翻訳キーが定義されているが、コード内で使用されていない"
"common.language.zh-CN","简体中文","common.json","Not found in codebase","","","未実装","翻訳キーが定義されているが、コード内で使用されていない"
"common.language.zh-TW","繁體中文","common.json","Not found in codebase","","","未実装","翻訳キーが定義されているが、コード内で使用されていない"
"common.language.ko","한국어","common.json","Not found in codebase","","","未実装","翻訳キーが定義されているが、コード内で使用されていない"
"common.language.pt-BR","Português (Brasil)","common.json","Not found in codebase","","","未実装","翻訳キーが定義されているが、コード内で使用されていない"
"common.language.fr","Français","common.json","Not found in codebase","","","未実装","翻訳キーが定義されているが、コード内で使用されていない"
"common.language.it","Italiano","common.json","Not found in codebase","","","未実装","翻訳キーが定義されているが、コード内で使用されていない"
"common.language.de","Deutsch","common.json","Not found in codebase","","","未実装","翻訳キーが定義されているが、コード内で使用されていない"
"common.language.es","Español","common.json","Not found in codebase","","","未実装","翻訳キーが定義されているが、コード内で使用されていない"
"common.notifications.title","Notifications","common.json","components//notification-dropdown.tsx (partial match)","/notification-dropdown","","完了","修正完了: notification-dropdownで名前空間プレフィックスを追加"
"common.notifications.unreadCount","Notifications ({count} unread)","common.json","Not found in codebase","","","未実装","翻訳キーが定義されているが、コード内で使用されていない"
"common.notifications.markAsRead","Read","common.json","components//notification-dropdown.tsx (partial match)","/notification-dropdown","","完了","修正完了: notification-dropdownで名前空間プレフィックスを追加"
"common.notifications.markAllAsRead","Mark all as read","common.json","components//notification-dropdown.tsx (partial match)","/notification-dropdown","","完了","修正完了: notification-dropdownで名前空間プレフィックスを追加"
"common.notifications.loading","Loading...","common.json","components//notification-dropdown.tsx (partial match)","/notification-dropdown","","完了","修正完了: notification-dropdownで名前空間プレフィックスを追加"
"common.notifications.noNotifications","No notifications","common.json","components//notification-dropdown.tsx (partial match)","/notification-dropdown","","完了","修正完了: notification-dropdownで名前空間プレフィックスを追加"
"common.notifications.unknownUser","Unknown user","common.json","components//notification-dropdown.tsx (partial match)","/notification-dropdown","","完了","修正完了: notification-dropdownで名前空間プレフィックスを追加"
"common.notifications.unknownDetails","Details unknown","common.json","components//notification-dropdown.tsx (partial match)","/notification-dropdown","","完了","修正完了: notification-dropdownで名前空間プレフィックスを追加"
"common.notifications.showing50","Showing latest 50","common.json","components//notification-dropdown.tsx (partial match)","/notification-dropdown","","完了","修正完了: notification-dropdownで名前空間プレフィックスを追加"
"common.notifications.count","{count} notifications","common.json","Not found in codebase","","","未実装","翻訳キーが定義されているが、コード内で使用されていない"
"common.notifications.types.trade","Trade","common.json","components//notification-dropdown.tsx (partial match)","/notification-dropdown","","完了","修正完了: notification-dropdownで名前空間プレフィックスを追加"
"common.notifications.types.deck","Deck","common.json","components//notification-dropdown.tsx (partial match)","/notification-dropdown","","完了","修正完了: notification-dropdownで名前空間プレフィックスを追加"
"common.notifications.types.other","Other","common.json","components//notification-dropdown.tsx (partial match)","/notification-dropdown","","完了","修正完了: notification-dropdownで名前空間プレフィックスを追加"
"common.notifications.time.now","now","common.json","components//notification-dropdown.tsx (partial match)","/notification-dropdown","","完了","修正完了: notification-dropdownで名前空間プレフィックスを追加"
"common.notifications.time.minutesAgo","{count} min ago","common.json","Not found in codebase","","","未実装","翻訳キーが定義されているが、コード内で使用されていない"
"common.notifications.time.hoursAgo","{count} hr ago","common.json","Not found in codebase","","","未実装","翻訳キーが定義されているが、コード内で使用されていない"
"decks.untitled","Untitled Deck","decks.json","app/[locale]/decks/page.tsx; components/deck-card.tsx; components/deck-horizontal-row.tsx","page, deck-card, deck-horizontal-row","","完了","修正完了: components/deck-card.tsxでハードコードを翻訳キーに置換"
"decks.noCards","No cards in deck.","decks.json","components/deck-composition-chart.tsx","deck-composition-chart","","完了","修正完了: components/deck-composition-chart.tsxでハードコードを翻訳キーに置換"
"decks.noRecipe","No deck recipe information available","decks.json","app/[locale]/content/[id]/page.tsx; components/deck-cards-grid.tsx","page, deck-cards-grid","","完了","修正完了: app/[locale]/content/[id]/page.tsxでハードコードを翻訳キーに置換"
"decks.updated","Updated: {date}","decks.json","Not found in codebase","","","未実装","翻訳キーが定義されているが、コード内で使用されていない"
"decks.type","Type","decks.json","app/[locale]/decks/[id]/page.tsx; app/[locale]/decks/create/page.tsx; app/auth/reset/page.tsx","page","","完了","修正完了: app/auth/reset/page.tsxでハードコードをt()に変換"
"decks.commentCount","Comments","decks.json","components/deck-card.tsx; components/deck-card.tsx; components/deck-horizontal-row.tsx","deck-card, deck-horizontal-row","","完了","修正完了: components/history-item-card.tsxでハードコードを翻訳キーに置換"
"decks.cardListLabel","Deck card list - horizontal scroll","decks.json","components/deck-horizontal-row.tsx","deck-horizontal-row","","完了","修正完了: components/deck-horizontal-row.tsxでハードコードを翻訳キーに置換"
"decks.postDeck","Post Deck","decks.json","Not found in codebase","","","未実装","翻訳キーが定義されているが、コード内で使用されていない"
"decks.favorites","Favorites","decks.json","Not found in codebase","","","未実装","翻訳キーが定義されているが、コード内で使用されていない"
"decks.tierDecks","Tier Decks","decks.json","Not found in codebase","","","未実装","翻訳キーが定義されているが、コード内で使用されていない"
"decks.featuredDecks","Featured Decks","decks.json","Not found in codebase","","","未実装","翻訳キーが定義されているが、コード内で使用されていない"
"decks.newPackDecks","New Pack Decks","decks.json","Not found in codebase","","","未実装","翻訳キーが定義されているが、コード内で使用されていない"
"decks.viewAllDecks","View All Decks","decks.json","Not found in codebase","","","未実装","翻訳キーが定義されているが、コード内で使用されていない"
"decks.viewDetails","View Details","decks.json","Not found in codebase","","","未実装","翻訳キーが定義されているが、コード内で使用されていない"
"decks.back","Back","decks.json","Not found in codebase","","","未実装","翻訳キーが定義されているが、コード内で使用されていない"
"decks.allCards","All Cards","decks.json","Not found in codebase","","","未実装","翻訳キーが定義されているが、コード内で使用されていない"
"decks.createdDate","Created","decks.json","Not found in codebase","","","未実装","翻訳キーが定義されているが、コード内で使用されていない"
"decks.deckContent","Deck Content","decks.json","Not found in codebase","","","未実装","翻訳キーが定義されているが、コード内で使用されていない"
"decks.anonymousUser","Anonymous User","decks.json","Not found in codebase","","","未実装","翻訳キーが定義されているが、コード内で使用されていない"
"decks.lastUpdated","Last Updated","decks.json","Not found in codebase","","","未実装","翻訳キーが定義されているが、コード内で使用されていない"
"decks.readLatestComments","Read Latest Comments","decks.json","Not found in codebase","","","未実装","翻訳キーが定義されているが、コード内で使用されていない"
"decks.deckRecipe","Deck Recipe","decks.json","Not found in codebase","","","未実装","翻訳キーが定義されているが、コード内で使用されていない"
"decks.deckEvaluation","Deck Evaluation","decks.json","Not found in codebase","","","未実装","翻訳キーが定義されているが、コード内で使用されていない"
"decks.everyoneRating","Everyone's Rating","decks.json","Not found in codebase","","","未実装","翻訳キーが定義されているが、コード内で使用されていない"
"decks.averageScore","Average Score","decks.json","Not found in codebase","","","未実装","翻訳キーが定義されているが、コード内で使用されていない"
"decks.rateToSeeGraph","\Rate to see score graph/","decks.json","Not found in codebase","","","未実装","翻訳キーが定義されているが、コード内で使用されていない"
"decks.rate","Rate!","decks.json","Not found in codebase","","","未実装","翻訳キーが定義されているが、コード内で使用されていない"
"decks.topTierRanking","Top Tier Deck Rankings","decks.json","Not found in codebase","","","未実装","翻訳キーが定義されているが、コード内で使用されていない"
"decks.strengthsWeaknesses","Strengths & Weaknesses","decks.json","Not found in codebase","","","未実装","翻訳キーが定義されているが、コード内で使用されていない"
"decks.outOf10","/{score} points ({count} ratings)","decks.json","Not found in codebase","","","未実装","翻訳キーが定義されているが、コード内で使用されていない"
"decks.strategyUsage","Strategy & Usage","decks.json","Not found in codebase","","","未実装","翻訳キーが定義されているが、コード内で使用されていない"
"decks.metaReport","International Tournament Meta Report & Card Adoption Rate","decks.json","Not found in codebase","","","未実装","翻訳キーが定義されているが、コード内で使用されていない"
"decks.loadingMetaReport","Loading meta report data...","decks.json","Not found in codebase","","","未実装","翻訳キーが定義されているが、コード内で使用されていない"
"decks.categories.all","All","decks.json","components//detailed-search-modal.tsx (partial match)","/detailed-search-modal","","完了","修正完了: detailed-search-modalで名前空間プレフィックスを追加"
"decks.categories.pokemon","Pokemon","decks.json","components//detailed-search-modal.tsx (partial match)","/detailed-search-modal","","完了","修正完了: detailed-search-modalで名前空間プレフィックスを追加"
"decks.categories.trainers","Trainers","decks.json","components//detailed-search-modal.tsx (partial match)","/detailed-search-modal","","完了","修正完了: detailed-search-modalで名前空間プレフィックスを追加"
"decks.categories.goods","Goods","decks.json","components//detailed-search-modal.tsx (partial match)","/detailed-search-modal","","完了","修正完了: detailed-search-modalで名前空間プレフィックスを追加"
"decks.categories.tools","Tools","decks.json","components//detailed-search-modal.tsx (partial match)","/detailed-search-modal","","完了","修正完了: detailed-search-modalで名前空間プレフィックスを追加"
"decks.categories.tier","Tier","decks.json","app/[locale]/decks/page.tsx; app/admin/decks/page.tsx; app/admin/decks/page.tsx","page","","要修正","ハードコード発見: 3箇所 - Tier"
"decks.categories.featured","Featured","decks.json","app/[locale]/decks/page.tsx; app/admin/decks/page.tsx; app/admin/decks/page.tsx","page","","要修正","ハードコード発見: 3箇所 - 注目"
"decks.categories.newPack","New Pack","decks.json","app/[locale]/decks/page.tsx; app/admin/decks/page.tsx; app/admin/decks/page.tsx","page","","要修正","ハードコード発見: 3箇所 - 新パック"
"decks.categories.post","Post","decks.json","app/[locale]/trades/[id]/opengraph-image.tsx; app/[locale]/trades/[id]/opengraph-image.tsx; app/[locale]/trades/[id]/page.tsx","opengraph-image, page","","完了","修正完了: app/[locale]/trades/[id]/page.tsxでハードコードをt()に変換"
"errors.title","Error","errors.json","components//trade-owned-lists/list-creation-modal.tsx","/trade-owned-lists/list-creation-modal","","完了","i18n対応済み"
"errors.inputError","Input Error","errors.json","app/[locale]/lists/create/page.tsx; app/[locale]/lists/create/page.tsx; app/[locale]/trades/create/page.tsx","page","","完了","修正完了: app/[locale]/trades/create/page.tsxでハードコードをt()に変換"
"errors.unexpected","An unexpected error occurred.","errors.json","app/[locale]/lists/create/page.tsx; app/[locale]/auth/login/page.tsx; app/[locale]/auth/login/page.tsx","page","","完了","修正完了: app/[locale]/auth/login/page.tsxでハードコードをt()に変換"
"errors.operationFailed","Operation failed","errors.json","app/[locale]/decks/[id]/page.tsx; app/[locale]/decks/[id]/page.tsx; components/deck-card.tsx","page, deck-card","","完了","修正完了: components/deck-card.tsxでハードコードを翻訳キーに置換"
"errors.loginRequired","Login Required","errors.json","app/[locale]/lists/page.tsx; app/[locale]/lists/create/page.tsx; app/[locale]/lists/create/page.tsx","page","","完了","修正完了: app/[locale]/lists/create/page.tsxでハードコードをt()に変換"
"errors.auth.generic","An authentication error occurred.","errors.json","app/[locale]/auth/login/page.tsx; app/auth/login/page.tsx","page","","完了","修正完了: app/[locale]/auth/login/page.tsxでハードコードをt()に変換"
"errors.auth.callbackError","An error occurred during the authentication process.","errors.json","app/[locale]/auth/login/page.tsx; app/auth/auth-code-error/page.tsx; app/auth/login/page.tsx","page","","完了","修正完了: app/[locale]/auth/login/page.tsxでハードコードをt()に変換"
"errors.auth.noCode","Authentication code not found.","errors.json","app/[locale]/auth/login/page.tsx; app/auth/login/page.tsx","page","","完了","修正完了: app/[locale]/auth/login/page.tsxでハードコードをt()に変換"
"errors.auth.noSession","Failed to create session.","errors.json","app/[locale]/auth/login/page.tsx; app/auth/login/page.tsx","page","","完了","修正完了: app/[locale]/auth/login/page.tsxでハードコードをt()に変換"
"errors.auth.unexpected","An unexpected error occurred.","errors.json","app/[locale]/lists/create/page.tsx; app/[locale]/auth/login/page.tsx; app/[locale]/auth/login/page.tsx","page","","完了","修正完了: app/[locale]/auth/login/page.tsxでハードコードをt()に変換"
"errors.auth.emptyCredentials","Please enter your email and password.","errors.json","app/[locale]/auth/login/page.tsx; app/auth/login/page.tsx","page","","完了","修正完了: app/[locale]/auth/login/page.tsxでハードコードをt()に変換"
"errors.auth.invalidCredentials","Invalid email or password.","errors.json","app/[locale]/auth/login/page.tsx; app/auth/login/page.tsx","page","","完了","修正完了: app/[locale]/auth/login/page.tsxでハードコードをt()に変換"
"errors.auth.emailNotConfirmed","Email address is not confirmed. Please check your confirmation email.","errors.json","app/[locale]/auth/login/page.tsx; app/auth/login/page.tsx","page","","完了","修正完了: app/[locale]/auth/login/page.tsxでハードコードをt()に変換"
"errors.auth.tooManyRequests","Too many login attempts. Please try again later.","errors.json","app/[locale]/auth/login/page.tsx; app/auth/login/page.tsx","page","","完了","修正完了: app/[locale]/auth/login/page.tsxでハードコードをt()に変換"
"errors.auth.loginFailed","Login failed.","errors.json","app/[locale]/auth/login/page.tsx; app/[locale]/auth/login/page.tsx; app/[locale]/auth/login/page.tsx","page","","完了","修正完了: app/[locale]/auth/login/page.tsxでハードコードをt()に変換"
"errors.auth.socialLoginFailed","Social login failed.","errors.json","app/[locale]/auth/login/page.tsx; app/auth/login/page.tsx","page","","完了","修正完了: app/[locale]/auth/login/page.tsxでハードコードをt()に変換"
"errors.auth.resendFailed","Failed to resend confirmation email.","errors.json","app/[locale]/auth/login/page.tsx; app/auth/login/page.tsx","page","","完了","修正完了: app/[locale]/auth/login/page.tsxでハードコードをt()に変換"
"errors.auth.passwordMismatch","Passwords do not match.","errors.json","app/auth/signup/page.tsx; app/auth/reset/page.tsx","page","","完了","修正完了: app/auth/signup/page.tsxでハードコードをt()に変換"
"errors.auth.passwordTooShort","Password must be at least 6 characters.","errors.json","app/auth/signup/page.tsx; app/auth/reset/page.tsx","page","","完了","修正完了: app/auth/signup/page.tsxでハードコードをt()に変換"
"errors.auth.userExists","This email is already registered. Please log in.","errors.json","app/auth/signup/page.tsx","page","","完了","修正完了: app/auth/signup/page.tsxでハードコードをt()に変換"
"errors.auth.invalidEmail","Please enter a valid email address.","errors.json","app/auth/signup/page.tsx","page","","完了","修正完了: app/auth/signup/page.tsxでハードコードをt()に変換"
"errors.auth.signupFailed","Registration failed.","errors.json","app/auth/signup/page.tsx; app/auth/signup/page.tsx","page","","完了","修正完了: app/auth/signup/page.tsxでハードコードをt()に変換"
"errors.auth.accountCreationFailed","Failed to create account.","errors.json","app/auth/signup/page.tsx","page","","完了","修正完了: app/auth/signup/page.tsxでハードコードをt()に変換"
"errors.auth.socialSignupFailed","Social signup failed.","errors.json","app/auth/signup/page.tsx","page","","完了","修正完了: app/auth/signup/page.tsxでハードコードをt()に変換"
"errors.auth.emptyEmail","Please enter your email address.","errors.json","app/[locale]/auth/login/page.tsx; app/auth/signup/page.tsx; app/auth/reset/page.tsx","page","","完了","修正完了: app/[locale]/auth/login/page.tsxでハードコードをt()に変換"
"errors.auth.resetEmailFailed","Failed to send password reset email.","errors.json","app/auth/reset/page.tsx","page","","完了","修正完了: app/auth/reset/page.tsxでハードコードをt()に変換"
"errors.auth.updatePasswordFailed","Failed to update password.","errors.json","app/auth/reset/page.tsx","page","","完了","修正完了: app/auth/reset/page.tsxでハードコードをt()に変換"
"errors.auth.sessionSetupError","Session setup error","errors.json","app/auth/reset/page.tsx; app/auth/reset/page.tsx","page","","完了","修正完了: app/auth/reset/page.tsxでハードコードをt()に変換"
"errors.auth.notAuthenticated","User not authenticated.","errors.json","components//layout/header.tsx","/layout/header","","完了","i18n対応済み"
"errors.auth.adminAuthFailed","Authentication failed","errors.json","app/api/admin/auth/route.ts","route","","要修正","ハードコード発見: 1箇所 - 認証に失敗しました"
"errors.auth.adminEmptyCredentials","Please enter username and password","errors.json","app/api/admin/auth/route.ts","route","","要修正","ハードコード発見: 1箇所 - ユーザー名とパスワードを入力してください"
"errors.auth.databaseError","A database error occurred","errors.json","app/api/admin/auth/route.ts","route","","要修正","ハードコード発見: 1箇所 - データベースエラーが発生しました"
"errors.auth.serverError","A server error occurred","errors.json","app/admin/login/page.tsx; app/api/admin/auth/route.ts; app/api/deck-evaluation/route.ts","page, route","","要修正","ハードコード発見: 3箇所 - サーバーエラーが発生しました"
"errors.validation.emptyTitle","Please enter a trade title.","errors.json","app/[locale]/trades/create/page.tsx","page","","完了","修正完了: app/[locale]/trades/create/page.tsxでハードコードをt()に変換"
"errors.validation.noWantedCards","Please select wanted cards.","errors.json","app/[locale]/trades/create/page.tsx","page","","完了","修正完了: app/[locale]/trades/create/page.tsxでハードコードをt()に変換"
"errors.validation.noOfferedCards","Please select offered cards.","errors.json","app/[locale]/trades/create/page.tsx","page","","完了","修正完了: app/[locale]/trades/create/page.tsxでハードコードをt()に変換"
"errors.validation.requiredFields","Please fill in all required fields.","errors.json","app/[locale]/trades/create/page.tsx","page","","完了","修正完了: app/[locale]/trades/create/page.tsxでハードコードをt()に変換"
"errors.validation.emptyListName","Please enter a list name.","errors.json","app/[locale]/lists/create/page.tsx; components/trade-owned-lists/list-editor-modal.tsx","page, list-editor-modal","","完了","修正完了: app/[locale]/lists/create/page.tsxでハードコードをt()に変換"
"errors.validation.noCardsSelected","Please select at least one card.","errors.json","app/[locale]/lists/create/page.tsx","page","","完了","修正完了: app/[locale]/lists/create/page.tsxでハードコードをt()に変換"
"errors.validation.selectOneCard","Please select one card.","errors.json","components//detailed-search-modal.tsx (partial match)","/detailed-search-modal","","完了","修正完了: detailed-search-modalで名前空間プレフィックスを追加"
"errors.validation.maxSelection","You can select up to {maxSelection} cards.","errors.json","Not found in codebase","","","未実装","翻訳キーが定義されているが、コード内で使用されていない"
"errors.trade.inputError","Input Error","errors.json","app/[locale]/lists/create/page.tsx; app/[locale]/lists/create/page.tsx; app/[locale]/trades/create/page.tsx","page","","完了","修正完了: app/[locale]/trades/create/page.tsxでハードコードをt()に変換"
"errors.trade.sessionError","Session Refresh Error","errors.json","app/[locale]/trades/create/page.tsx","page","","完了","修正完了: app/[locale]/trades/create/page.tsxでハードコードをt()に変換"
"errors.trade.sessionRefreshFailed","Failed to refresh session. Please log in again.","errors.json","app/[locale]/trades/create/page.tsx","page","","完了","修正完了: app/[locale]/trades/create/page.tsxでハードコードをt()に変換"
"errors.trade.postError","Post Error","errors.json","app/[locale]/trades/create/page.tsx","page","","完了","修正完了: app/[locale]/trades/create/page.tsxでハードコードをt()に変換"
"errors.trade.postCreationFailed","Failed to create post.","errors.json","app/[locale]/trades/create/page.tsx","page","","完了","修正完了: app/[locale]/trades/create/page.tsxでハードコードをt()に変換"
"errors.trade.genericError","Error","errors.json","app/[locale]/lists/[id]/page.tsx; app/[locale]/lists/[id]/page.tsx; app/[locale]/lists/[id]/page.tsx","page","","要修正","ハードコード発見: 3箇所 - エラー"
"errors.data.fetchError","Data Fetch Error","errors.json","components//detailed-search-modal.tsx (partial match)","/detailed-search-modal","","完了","修正完了: detailed-search-modalで名前空間プレフィックスを追加"
"errors.data.postsFetchFailed","Failed to fetch posts.","errors.json","Not found in codebase","","","未実装","翻訳キーが定義されているが、コード内で使用されていない"
"errors.data.packsFetchError","Pack Information Fetch Error","errors.json","components//detailed-search-modal.tsx (partial match)","/detailed-search-modal","","完了","修正完了: detailed-search-modalで名前空間プレフィックスを追加"
"errors.data.packsFetchFailed","Failed to load pack information.","errors.json","components//detailed-search-modal.tsx (partial match)","/detailed-search-modal","","完了","修正完了: detailed-search-modalで名前空間プレフィックスを追加"
"errors.data.cardsFetchFailed","Failed to load card information.","errors.json","components//detailed-search-modal.tsx (partial match)","/detailed-search-modal","","完了","修正完了: detailed-search-modalで名前空間プレフィックスを追加"
"errors.list.authRequired","Login Required","errors.json","app/[locale]/lists/page.tsx; app/[locale]/lists/create/page.tsx; app/[locale]/lists/create/page.tsx","page","","完了","修正完了: app/[locale]/lists/create/page.tsxでハードコードをt()に変換"
"errors.list.authRequiredMessage","Please log in to create a list.","errors.json","app/[locale]/lists/create/page.tsx; app/[locale]/lists/create/page.tsx","page","","完了","修正完了: app/[locale]/lists/create/page.tsxでハードコードをt()に変換"
"errors.list.creationError","An error occurred","errors.json","app/[locale]/lists/create/page.tsx; app/[locale]/lists/create/page.tsx; app/[locale]/auth/login/page.tsx","page","","完了","修正完了: app/[locale]/auth/login/page.tsxでハードコードをt()に変換"
"errors.list.creationFailed","Failed to create list.","errors.json","app/[locale]/lists/create/page.tsx","page","","完了","修正完了: app/[locale]/lists/create/page.tsxでハードコードをt()に変換"
"errors.list.unexpectedError","An unexpected error occurred while creating the list.","errors.json","app/[locale]/lists/create/page.tsx","page","","完了","修正完了: app/[locale]/lists/create/page.tsxでハードコードをt()に変換"
"errors.share.copyFailed","Copy failed","errors.json","components/share-modal.tsx","share-modal","","完了","修正完了: components/share-modal.tsxでハードコードをt()に変換"
"errors.share.tryAgain","Please try again.","errors.json","app/auth/auth-code-error/page.tsx; components/share-modal.tsx; components/pokepoke-id-registration-modal.tsx","page, share-modal, pokepoke-id-registration-modal","","完了","修正完了: components/share-modal.tsxでハードコードをt()に変換"
"errors.collage.emptyTitle","Please enter a title","errors.json","components/admin/article-editor.tsx","article-editor","","要修正","ハードコード発見: 1箇所 - タイトルを入力してください"
"errors.collage.noCards","Please select cards in at least one group","errors.json","Not found in codebase","","","未実装","翻訳キーが定義されているが、コード内で使用されていない"
"errors.collage.generationFailed","Failed to generate collage","errors.json","components//collage/collage-generator-modal.tsx (partial match)","/collage/collage-generator-modal","","完了","修正完了: /collage/collage-generator-modalで名前空間プレフィックスを追加"
"errors.profile.fetchFailed","Failed to fetch profile","errors.json","Not found in codebase","","","未実装","翻訳キーが定義されているが、コード内で使用されていない"
"errors.profile.fetchFailedMessage","Displaying with basic information. Retrying in the background.","errors.json","Not found in codebase","","","未実装","翻訳キーが定義されているが、コード内で使用されていない"
"evaluation.checkError","Failed to check user evaluation","evaluation.json","Not found in codebase","","","未実装","翻訳キーが定義されているが、コード内で使用されていない"
"evaluation.checkErrorDetail","An error occurred while checking user evaluation.","evaluation.json","Not found in codebase","","","未実装","翻訳キーが定義されているが、コード内で使用されていない"
"evaluation.loginPrompt","Please log in to evaluate this deck.","evaluation.json","Not found in codebase","","","未実装","翻訳キーが定義されているが、コード内で使用されていない"
"evaluation.alreadyRated","Already Rated","evaluation.json","Not found in codebase","","","未実装","翻訳キーが定義されているが、コード内で使用されていない"
"evaluation.alreadyRatedDetail","You have already rated this deck.","evaluation.json","Not found in codebase","","","未実装","翻訳キーが定義されているが、コード内で使用されていない"
"evaluation.submitError","Failed to submit evaluation","evaluation.json","Not found in codebase","","","未実装","翻訳キーが定義されているが、コード内で使用されていない"
"evaluation.submitErrorDetail","An error occurred while submitting evaluation.","evaluation.json","Not found in codebase","","","未実装","翻訳キーが定義されているが、コード内で使用されていない"
"evaluation.submitSuccess","Evaluation Submitted","evaluation.json","app/[locale]/content/[id]/page.tsx","page","","完了","修正完了: app/[locale]/content/[id]/page.tsxでハードコードを翻訳キーに置換"
"evaluation.submitSuccessDetail","Your evaluation of {score} points has been recorded.","evaluation.json","Not found in codebase","","","未実装","翻訳キーが定義されているが、コード内で使用されていない"
"evaluation.deckFeatures","Deck Features","evaluation.json","Not found in codebase","","","未実装","翻訳キーが定義されているが、コード内で使用されていない"
"evaluation.stats.accessibility","Accessibility","evaluation.json","components//deck-evaluation.tsx","/deck-evaluation","","完了","i18n対応済み"
"evaluation.stats.speed","Speed","evaluation.json","components//deck-evaluation.tsx","/deck-evaluation","","完了","i18n対応済み"
"evaluation.stats.power","Power","evaluation.json","components//deck-evaluation.tsx","/deck-evaluation","","完了","i18n対応済み"
"evaluation.stats.durability","Durability","evaluation.json","components//deck-evaluation.tsx","/deck-evaluation","","完了","i18n対応済み"
"evaluation.stats.stability","Stability","evaluation.json","components//deck-evaluation.tsx","/deck-evaluation","","完了","i18n対応済み"
"forms.auth.email.label","Email","forms.json","app/[locale]/contact/page.tsx; app/[locale]/auth/login/page.tsx; app/[locale]/auth/login/page.tsx","page","","完了","修正完了: app/[locale]/auth/login/page.tsxでハードコードをt()に変換"
"forms.auth.email.placeholder","Your email address","forms.json","app/[locale]/auth/login/page.tsx; app/auth/signup/page.tsx; app/auth/reset/page.tsx","page","","完了","修正完了: app/[locale]/auth/login/page.tsxでハードコードをt()に変換"
"forms.auth.password.label","Password","forms.json","app/[locale]/contact/page.tsx; app/[locale]/auth/login/page.tsx; app/[locale]/auth/login/page.tsx","page","","完了","修正完了: app/[locale]/auth/login/page.tsxでハードコードをt()に変換"
"forms.auth.password.placeholder","Your password","forms.json","app/[locale]/auth/login/page.tsx; app/auth/login/page.tsx","page","","完了","修正完了: app/[locale]/auth/login/page.tsxでハードコードをt()に変換"
"forms.auth.password.newPlaceholder","Password (6+ characters)","forms.json","app/auth/signup/page.tsx","page","","完了","修正完了: app/auth/signup/page.tsxでハードコードをt()に変換"
"forms.auth.password.hint","At least 6 alphanumeric characters recommended.","forms.json","app/auth/signup/page.tsx","page","","完了","修正完了: app/auth/signup/page.tsxでハードコードをt()に変換"
"forms.auth.password.forgotLink","Forgot your password?","forms.json","app/[locale]/auth/login/page.tsx; app/auth/login/page.tsx","page","","完了","修正完了: app/[locale]/auth/login/page.tsxでハードコードをt()に変換"
"forms.auth.password.show","Show password","forms.json","app/[locale]/auth/login/page.tsx; app/auth/signup/page.tsx; app/auth/reset/page.tsx","page","","完了","修正完了: app/[locale]/auth/login/page.tsxでハードコードをt()に変換"
"forms.auth.password.hide","Hide password","forms.json","app/[locale]/auth/login/page.tsx; app/auth/signup/page.tsx; app/auth/reset/page.tsx","page","","完了","修正完了: app/[locale]/auth/login/page.tsxでハードコードをt()に変換"
"forms.auth.confirmPassword.label","Confirm Password","forms.json","app/auth/signup/page.tsx; app/auth/signup/page.tsx; app/auth/reset/page.tsx","page","","完了","修正完了: app/auth/signup/page.tsxでハードコードをt()に変換"
"forms.auth.confirmPassword.placeholder","Re-enter password","forms.json","app/auth/signup/page.tsx; app/auth/reset/page.tsx","page","","完了","修正完了: app/auth/signup/page.tsxでハードコードをt()に変換"
"forms.auth.confirmPassword.show","Show password confirmation","forms.json","app/auth/signup/page.tsx; app/auth/reset/page.tsx","page","","完了","修正完了: app/auth/signup/page.tsxでハードコードをt()に変換"
"forms.auth.confirmPassword.hide","Hide password confirmation","forms.json","app/auth/signup/page.tsx; app/auth/reset/page.tsx","page","","完了","修正完了: app/auth/signup/page.tsxでハードコードをt()に変換"
"forms.auth.newPassword.label","New Password","forms.json","app/[locale]/auth/login/page.tsx; app/auth/reset/page.tsx; app/auth/reset/page.tsx","page","","完了","修正完了: app/[locale]/auth/login/page.tsxでハードコードをt()に変換"
"forms.auth.newPassword.placeholder","New password (6+ characters)","forms.json","app/auth/reset/page.tsx","page","","完了","修正完了: app/auth/reset/page.tsxでハードコードをt()に変換"
"forms.trade.title.label","Trade Title","forms.json","app/[locale]/trades/create/page.tsx; app/[locale]/trades/create/page.tsx","page","","完了","修正完了: app/[locale]/trades/create/page.tsxでハードコードをt()に変換"
"forms.trade.title.placeholder","e.g., Looking for Charizard ex","forms.json","app/[locale]/trades/create/page.tsx","page","","完了","修正完了: app/[locale]/trades/create/page.tsxでハードコードをt()に変換"
"forms.trade.wantedCards.label","Wanted Cards","forms.json","app/[locale]/trades/[id]/opengraph-image.tsx; app/[locale]/trades/[id]/page.tsx; app/[locale]/trades/[id]/page.tsx","opengraph-image, page","","完了","修正完了: app/[locale]/trades/[id]/page.tsxでハードコードをt()に変換"
"forms.trade.offeredCards.label","Offered Cards","forms.json","app/[locale]/lists/page.tsx; app/[locale]/lists/page.tsx; app/[locale]/trades/[id]/opengraph-image.tsx","page, opengraph-image","","完了","修正完了: app/[locale]/lists/page.tsxでハードコードをt()に変換"
"forms.trade.savedList.label","Select from Saved Lists","forms.json","app/[locale]/trades/create/page.tsx; components/trade-owned-lists/list-selector-modal.tsx","page, list-selector-modal","","完了","修正完了: app/[locale]/trades/create/page.tsxでハードコードをt()に変換"
"forms.trade.pokepokeId.label","Pokepoke App ID","forms.json","app/[locale]/trades/create/page.tsx","page","","完了","修正完了: app/[locale]/trades/create/page.tsxでハードコードをt()に変換"
"forms.trade.pokepokeId.placeholder","Pokepoke App ID (optional)","forms.json","app/[locale]/trades/create/page.tsx","page","","完了","修正完了: app/[locale]/trades/create/page.tsxでハードコードをt()に変換"
"forms.trade.pokepokeId.helperAuthenticated","Your registered Pokepoke ID is auto-filled.","forms.json","app/[locale]/trades/create/page.tsx","page","","完了","修正完了: app/[locale]/trades/create/page.tsxでハードコードをt()に変換"
"forms.trade.pokepokeId.helperAuthenticatedNoId","You are logged in. Pokepoke ID is optional. Only numbers allowed.","forms.json","app/[locale]/trades/create/page.tsx","page","","完了","修正完了: app/[locale]/trades/create/page.tsxでハードコードをt()に変換"
"forms.trade.pokepokeId.helperGuest","Posting as guest. Pokepoke ID is optional. Only numbers allowed.","forms.json","app/[locale]/trades/create/page.tsx","page","","完了","修正完了: app/[locale]/trades/create/page.tsxでハードコードをt()に変換"
"forms.trade.comment.label","Comment (optional)","forms.json","app/[locale]/trades/create/page.tsx","page","","完了","修正完了: app/[locale]/trades/create/page.tsxでハードコードをt()に変換"
"forms.trade.comment.placeholder","Enter comment (up to 256 characters)","forms.json","app/[locale]/trades/create/page.tsx","page","","完了","修正完了: app/[locale]/trades/create/page.tsxでハードコードをt()に変換"
"forms.list.name.label","List Name","forms.json","app/[locale]/lists/[id]/page.tsx; app/[locale]/lists/[id]/page.tsx; app/[locale]/lists/[id]/page.tsx","page","","完了","修正完了: app/[locale]/lists/[id]/page.tsxでハードコードを翻訳キーに置換"
"forms.list.name.placeholder","e.g., Trading Card List","forms.json","app/[locale]/lists/create/page.tsx","page","","完了","修正完了: app/[locale]/lists/create/page.tsxでハードコードをt()に変換"
"forms.list.description.label","Description (optional)","forms.json","app/[locale]/lists/create/page.tsx; components/trade-owned-lists/list-editor-modal.tsx","page, list-editor-modal","","完了","修正完了: app/[locale]/lists/create/page.tsxでハードコードをt()に変換"
"forms.list.description.placeholder","Enter list description","forms.json","app/[locale]/lists/create/page.tsx","page","","完了","修正完了: app/[locale]/lists/create/page.tsxでハードコードをt()に変換"
"forms.search.keyword.label","Keyword","forms.json","Not found in codebase","","","未実装","翻訳キーが定義されているが、コード内で使用されていない"
"forms.search.keyword.placeholder","Search by keyword","forms.json","app//[locale]/page.tsx","","","完了","i18n対応済み"
"forms.collage.group1Title.label","Group 1 Title","forms.json","components//collage/collage-generator-modal.tsx (partial match)","/collage/collage-generator-modal","","完了","修正完了: /collage/collage-generator-modalで名前空間プレフィックスを追加"
"forms.collage.group1Title.placeholder","e.g., Wanted Cards","forms.json","components//collage/collage-generator-modal.tsx (partial match)","/collage/collage-generator-modal","","完了","修正完了: /collage/collage-generator-modalで名前空間プレフィックスを追加"
"forms.collage.group2Title.label","Group 2 Title","forms.json","components//collage/collage-generator-modal.tsx (partial match)","/collage/collage-generator-modal","","完了","修正完了: /collage/collage-generator-modalで名前空間プレフィックスを追加"
"forms.collage.group2Title.placeholder","e.g., Offered Cards","forms.json","components//collage/collage-generator-modal.tsx (partial match)","/collage/collage-generator-modal","","完了","修正完了: /collage/collage-generator-modalで名前空間プレフィックスを追加"
"forms.contact.name.label","Name","forms.json","app/[locale]/contact/page.tsx","page","","完了","修正完了: app/[locale]/contact/page.tsxでハードコードをt()に変換"
"forms.contact.name.placeholder","John Doe","forms.json","app/[locale]/contact/page.tsx","page","","完了","修正完了: app/[locale]/contact/page.tsxでハードコードをt()に変換"
"forms.contact.email.label","Email Address","forms.json","app/[locale]/contact/page.tsx; app/[locale]/auth/login/page.tsx; app/[locale]/auth/login/page.tsx","page","","完了","修正完了: app/[locale]/auth/login/page.tsxでハードコードをt()に変換"
"forms.contact.subject.label","Subject","forms.json","app/[locale]/contact/page.tsx; app/[locale]/contact/page.tsx; app/[locale]/contact/page.tsx","page","","完了","修正完了: app/[locale]/contact/page.tsxでハードコードをt()に変換"
"forms.contact.subject.placeholder","Enter the subject of your inquiry","forms.json","app/[locale]/contact/page.tsx","page","","完了","修正完了: app/[locale]/contact/page.tsxでハードコードをt()に変換"
"forms.contact.message.label","Message","forms.json","app/[locale]/contact/page.tsx; app/[locale]/auth/login/page.tsx; app/auth/login/page.tsx","page","","完了","修正完了: app/[locale]/auth/login/page.tsxでハードコードをt()に変換"
"forms.contact.message.placeholder","Please describe your inquiry in detail","forms.json","app/[locale]/contact/page.tsx","page","","完了","修正完了: app/[locale]/contact/page.tsxでハードコードをt()に変換"
"forms.placeholders.keyword","Keyword","forms.json","components//detailed-search-modal.tsx (partial match)","/detailed-search-modal","","完了","修正完了: detailed-search-modalで名前空間プレフィックスを追加"
"forms.placeholders.enterListName","Enter list name","forms.json","app/[locale]/lists/[id]/page.tsx; app/[locale]/lists/[id]/page.tsx; app/[locale]/lists/create/page.tsx","page","","完了","修正完了: app/[locale]/lists/create/page.tsxでハードコードをt()に変換"
"messages.success.loginSuccess","Login Successful","messages.json","app/[locale]/auth/login/page.tsx; app/auth/login/page.tsx; app/admin/login/page.tsx","page","","完了","修正完了: app/[locale]/auth/login/page.tsxでハードコードをt()に変換"
"messages.success.loginSuccessMessage","You have been logged in.","messages.json","app/[locale]/auth/login/page.tsx; app/auth/login/page.tsx","page","","完了","修正完了: app/[locale]/auth/login/page.tsxでハードコードをt()に変換"
"messages.success.confirmationEmailSent","Confirmation Email Sent","messages.json","app/auth/signup/page.tsx","page","","完了","修正完了: app/auth/signup/page.tsxでハードコードをt()に変換"
"messages.success.confirmationEmailSentMessage","A confirmation email has been sent. Please check your email and click the link to complete registration.","messages.json","app/auth/signup/page.tsx","page","","完了","修正完了: app/auth/signup/page.tsxでハードコードをt()に変換"
"messages.success.checkEmail","Please check your email.","messages.json","app/[locale]/auth/login/page.tsx; app/auth/signup/page.tsx; app/auth/reset/page.tsx","page","","完了","修正完了: app/[locale]/auth/login/page.tsxでハードコードをt()に変換"
"messages.success.signupComplete","Registration Complete","messages.json","app/auth/signup/page.tsx","page","","完了","修正完了: app/auth/signup/page.tsxでハードコードをt()に変換"
"messages.success.accountCreated","Your account has been created.","messages.json","app/auth/signup/page.tsx","page","","完了","修正完了: app/auth/signup/page.tsxでハードコードをt()に変換"
"messages.success.passwordUpdated","Password Updated","messages.json","app/[locale]/auth/login/page.tsx; app/auth/reset/page.tsx; app/auth/login/page.tsx","page","","完了","修正完了: app/[locale]/auth/login/page.tsxでハードコードをt()に変換"
"messages.success.passwordUpdatedMessage","Please log in with your new password.","messages.json","app/[locale]/auth/login/page.tsx; app/auth/reset/page.tsx; app/auth/login/page.tsx","page","","完了","修正完了: app/[locale]/auth/login/page.tsxでハードコードをt()に変換"
"messages.success.resetEmailSent","Email Sent","messages.json","app/auth/reset/page.tsx","page","","完了","修正完了: app/auth/reset/page.tsxでハードコードをt()に変換"
"messages.success.resetEmailSentMessage","A password reset link has been sent.","messages.json","app/auth/reset/page.tsx","page","","完了","修正完了: app/auth/reset/page.tsxでハードコードをt()に変換"
"messages.success.resetEmailSentDetail","A password reset link has been sent to your email address. Please check your email.","messages.json","app/auth/reset/page.tsx","page","","完了","修正完了: app/auth/reset/page.tsxでハードコードをt()に変換"
"messages.success.passwordUpdateSuccess","Password has been successfully updated. Please go to the login page.","messages.json","app/auth/reset/page.tsx","page","","完了","修正完了: app/auth/reset/page.tsxでハードコードをt()に変換"
"messages.success.sessionRefreshed","Session Refreshed","messages.json","app/[locale]/trades/create/page.tsx","page","","完了","修正完了: app/[locale]/trades/create/page.tsxでハードコードをt()に変換"
"messages.success.sessionRefreshedMessage","Session has been successfully refreshed.","messages.json","app/[locale]/trades/create/page.tsx","page","","完了","修正完了: app/[locale]/trades/create/page.tsxでハードコードをt()に変換"
"messages.success.tradePosted","Post Successful","messages.json","app/[locale]/trades/create/page.tsx","page","","完了","修正完了: app/[locale]/trades/create/page.tsxでハードコードをt()に変換"
"messages.success.tradePostedMessage","Trade post has been created.","messages.json","app/[locale]/trades/create/page.tsx","page","","完了","修正完了: app/[locale]/trades/create/page.tsxでハードコードをt()に変換"
"messages.success.listCreated","List Created","messages.json","app/[locale]/lists/create/page.tsx","page","","完了","修正完了: app/[locale]/lists/create/page.tsxでハードコードをt()に変換"
"messages.success.listCreatedMessage","Card list has been successfully created.","messages.json","app/[locale]/lists/create/page.tsx","page","","完了","修正完了: app/[locale]/lists/create/page.tsxでハードコードをt()に変換"
"messages.success.urlCopied","URL Copied","messages.json","components/share-modal.tsx","share-modal","","完了","修正完了: components/share-modal.tsxでハードコードをt()に変換"
"messages.success.urlCopiedMessage","Link has been copied to clipboard.","messages.json","components/share-modal.tsx","share-modal","","完了","修正完了: components/share-modal.tsxでハードコードをt()に変換"
"messages.success.copied","Copied","messages.json","components//trade-detail-client.tsx (partial match); components//trade-post-card.tsx (partial match)","/trade-detail-client, /trade-post-card","","完了","修正完了: trade-detail-clientで名前空間プレフィックスを追加"
"messages.success.idCopied","Copied","messages.json","components/share-modal.tsx","share-modal","","完了","修正完了: components/share-modal.tsxでハードコードをt()に変換"
"messages.success.idCopiedMessage","ID: {postId} has been copied to clipboard.","messages.json","Not found in codebase","","","未実装","翻訳キーが定義されているが、コード内で使用されていない"
"messages.success.resendConfirmation","Confirmation Email Resent","messages.json","app/[locale]/auth/login/page.tsx; app/auth/login/page.tsx","page","","完了","修正完了: app/[locale]/auth/login/page.tsxでハードコードをt()に変換"
"messages.success.resendConfirmationMessage","Confirmation email has been resent.","messages.json","app/[locale]/auth/login/page.tsx; app/auth/login/page.tsx","page","","完了","修正完了: app/[locale]/auth/login/page.tsxでハードコードをt()に変換"
"messages.info.tradeNotice","Posts registered here will be immediately reflected on the timeline. Comments can be checked from the notification icon. Trade status can be checked in My Page trade history.","messages.json","app/[locale]/trades/create/page.tsx","page","","完了","修正完了: app/[locale]/trades/create/page.tsxでハードコードをt()に変換"
"messages.info.collageDescription","Automatically combine multiple card images to create a single collage image. You can post the generated collage on X.","messages.json","Not found in codebase","","","未実装","翻訳キーが定義されているが、コード内で使用されていない"
"messages.info.collageInstruction","You can select 1-30 cards in each group. Titles will be displayed on the collage image.","messages.json","components//collage/collage-generator-modal.tsx (partial match)","/collage/collage-generator-modal","","完了","修正完了: /collage/collage-generator-modalで名前空間プレフィックスを追加"
"messages.info.loginRequired","Login required to generate and manage collages.","messages.json","app/[locale]/collages/page.tsx","page","","完了","修正完了: app/[locale]/collages/page.tsxでハードコードを翻訳キーに置換"
"messages.info.cardsSelected","{count} cards selected","messages.json","Not found in codebase","","","未実装","翻訳キーが定義されているが、コード内で使用されていない"
"messages.info.selectCards","Please select cards","messages.json","components//collage/collage-generator-modal.tsx (partial match)","/collage/collage-generator-modal","","完了","修正完了: /collage/collage-generator-modalで名前空間プレフィックスを追加"
"messages.info.noCardsSelected","No cards selected","messages.json","app/[locale]/lists/create/page.tsx; app/[locale]/trades/create/page.tsx; components/admin/blocks/card-display-table-block-editor.tsx","page, card-display-table-block-editor","","完了","修正完了: app/[locale]/trades/create/page.tsxでハードコードをt()に変換"
"messages.info.selectedCount","Selected cards: {count}","messages.json","Not found in codebase","","","未実装","翻訳キーが定義されているが、コード内で使用されていない"
"messages.info.selectedCountWithMax","{count} selected (max {max})","messages.json","Not found in codebase","","","未実装","翻訳キーが定義されているが、コード内で使用されていない"
"messages.info.selectedCountCards","{count} selected","messages.json","Not found in codebase","","","未実装","翻訳キーが定義されているが、コード内で使用されていない"
"messages.info.maxCards","(max {max})","messages.json","Not found in codebase","","","未実装","翻訳キーが定義されているが、コード内で使用されていない"
"messages.info.resultCount","Showing {start}-{end} of {totalCount} results","messages.json","Not found in codebase","","","未実装","翻訳キーが定義されているが、コード内で使用されていない"
"messages.info.noPostsFound","No matching posts found.","messages.json","Not found in codebase","","","未実装","翻訳キーが定義されているが、コード内で使用されていない"
"messages.info.noPosts","No posts available","messages.json","Not found in codebase","","","未実装","翻訳キーが定義されているが、コード内で使用されていない"
"messages.info.noCardsFound","No matching cards found.","messages.json","components//detailed-search-modal.tsx (partial match)","/detailed-search-modal","","完了","修正完了: detailed-search-modalで名前空間プレフィックスを追加"
"messages.warning.timeSkew","Time Sync Issue","messages.json","app/[locale]/trades/create/page.tsx; app/[locale]/trades/create/page.tsx","page","","完了","修正完了: app/[locale]/trades/create/page.tsxでハードコードをt()に変換"
"messages.warning.timeSkewMessage","Your device clock is off by {formatTimeSkew}. Posting may fail.","messages.json","Not found in codebase","","","未実装","翻訳キーが定義されているが、コード内で使用されていない"
"messages.warning.timeSkewDetail","Your device clock is off by {formatTimeSkew}. This may cause authentication issues.","messages.json","Not found in codebase","","","未実装","翻訳キーが定義されているが、コード内で使用されていない"
"messages.warning.selectionLimit","Selection Limit","messages.json","components//detailed-search-modal.tsx (partial match)","/detailed-search-modal","","完了","修正完了: detailed-search-modalで名前空間プレフィックスを追加"
"pages.home.title","PokeLink Trade Board","pages.json","app//[locale]/page.tsx","","","完了","i18n対応済み"
"pages.home.subtitle","Smoothly exchange the cards you want and the cards you can offer!","pages.json","app//[locale]/page.tsx","","","完了","i18n対応済み"
"pages.login.title","Log In","pages.json","app/[locale]/contact/page.tsx; app/[locale]/lists/page.tsx; app/[locale]/lists/create/page.tsx","page","","完了","修正完了: app/[locale]/lists/create/page.tsxでハードコードをt()に変換"
"pages.login.subtitle","Log in to your account","pages.json","app/[locale]/auth/login/page.tsx; app/auth/login/page.tsx","page","","完了","修正完了: app/[locale]/auth/login/page.tsxでハードコードをt()に変換"
"pages.signup.title","Sign Up","pages.json","app/[locale]/auth/login/page.tsx; app/auth/signup/page.tsx; app/auth/signup/page.tsx","page","","完了","修正完了: app/[locale]/auth/login/page.tsxでハードコードをt()に変換"
"pages.signup.subtitle","Create an account and start trading Pokémon cards","pages.json","app/auth/signup/page.tsx","page","","完了","修正完了: app/auth/signup/page.tsxでハードコードをt()に変換"
"pages.reset.title","Reset Password","pages.json","app/auth/reset/page.tsx","page","","完了","修正完了: app/auth/reset/page.tsxでハードコードをt()に変換"
"pages.reset.subtitle","Enter your registered email address","pages.json","app/auth/reset/page.tsx","page","","完了","修正完了: app/auth/reset/page.tsxでハードコードをt()に変換"
"pages.createTrade.title","Register Trade Card","pages.json","app/[locale]/trades/create/page.tsx","page","","完了","修正完了: app/[locale]/trades/create/page.tsxでハードコードをt()に変換"
"pages.createTrade.noticeTitle","Notice","pages.json","app/[locale]/trades/create/page.tsx","page","","完了","修正完了: app/[locale]/trades/create/page.tsxでハードコードをt()に変換"
"pages.createList.title","Create New Card List","pages.json","app/[locale]/lists/create/page.tsx","page","","完了","修正完了: app/[locale]/lists/create/page.tsxでハードコードをt()に変換"
"pages.createList.subtitle","Create a card list for trading and exchange with other users.","pages.json","app/[locale]/lists/create/page.tsx","page","","完了","修正完了: app/[locale]/lists/create/page.tsxでハードコードをt()に変換"
"pages.createList.listInfo.title","List Information","pages.json","app/[locale]/lists/[id]/page.tsx; app/[locale]/lists/create/page.tsx; app/[locale]/lists/create/page.tsx","page","","完了","修正完了: app/[locale]/lists/create/page.tsxでハードコードをt()に変換"
"pages.createList.listInfo.description","Enter basic list information","pages.json","app/[locale]/lists/create/page.tsx","page","","完了","修正完了: app/[locale]/lists/create/page.tsxでハードコードをt()に変換"
"pages.createList.cardSelection.title","Card Selection","pages.json","app/[locale]/lists/[id]/page.tsx; app/[locale]/lists/create/page.tsx; app/[locale]/lists/create/page.tsx","page","","完了","修正完了: app/[locale]/lists/create/page.tsxでハードコードをt()に変換"
"pages.createList.cardSelection.description","Select cards to add to the list","pages.json","app/[locale]/lists/create/page.tsx","page","","完了","修正完了: app/[locale]/lists/create/page.tsxでハードコードをt()に変換"
"pages.createList.loginRequired.title","Don't have any cards?","pages.json","Not found in codebase","","","未実装","翻訳キーが定義されているが、コード内で使用されていない"
"pages.createList.loginRequired.description","Please log in to create a card list.","pages.json","app/[locale]/lists/create/page.tsx","page","","完了","修正完了: app/[locale]/lists/create/page.tsxでハードコードをt()に変換"
"pages.collages.title","Collage Images","pages.json","app/[locale]/collages/[id]/opengraph-image.tsx; app/[locale]/collages/[id]/opengraph-image.tsx; app/[locale]/collages/[id]/opengraph-image.tsx","opengraph-image","","完了","修正完了: app/[locale]/collages/page.tsxでハードコードを翻訳キーに置換"
"pages.collages.subtitle","Create collages of multiple cards and share on X","pages.json","app/[locale]/collages/page.tsx","page","","完了","修正完了: app/[locale]/collages/page.tsxでハードコードを翻訳キーに置換"
"pages.contact.title","Contact Us","pages.json","app/[locale]/contact/page.tsx; app/[locale]/contact/page.tsx; app/[locale]/contact/page.tsx","page","","完了","修正完了: app/[locale]/contact/page.tsxでハードコードをt()に変換"
"pages.contact.subtitle","If you have any questions or requests, please feel free to contact us. We will review and respond at a later date.","pages.json","app/[locale]/contact/page.tsx","page","","完了","修正完了: app/[locale]/contact/page.tsxでハードコードをt()に変換"
"pages.contact.form.title","Contact Form","pages.json","app/[locale]/contact/page.tsx","page","","完了","修正完了: app/[locale]/contact/page.tsxでハードコードをt()に変換"
"pages.contact.form.description","Please fill in the required information and submit","pages.json","app/[locale]/contact/page.tsx","page","","完了","修正完了: app/[locale]/contact/page.tsxでハードコードをt()に変換"
"pages.contact.faq.title","Frequently Asked Questions","pages.json","app/[locale]/contact/page.tsx; app/[locale]/contact/page.tsx","page","","完了","修正完了: app/[locale]/contact/page.tsxでハードコードをt()に変換"
"pages.contact.faq.q1","Q. How long does it take to get a response?","pages.json","app/[locale]/contact/page.tsx","page","","完了","修正完了: app/[locale]/contact/page.tsxでハードコードをt()に変換"
"pages.contact.faq.a1","We usually respond within 1-3 business days.","pages.json","app/[locale]/contact/page.tsx","page","","完了","修正完了: app/[locale]/contact/page.tsxでハードコードをt()に変換"
"pages.contact.faq.q2","Q. Account issues","pages.json","app/[locale]/contact/page.tsx","page","","完了","修正完了: app/[locale]/contact/page.tsxでハードコードをt()に変換"
"pages.contact.faq.a2","If you can't log in, please try resetting your password.","pages.json","app/[locale]/contact/page.tsx","page","","完了","修正完了: app/[locale]/contact/page.tsxでハードコードをt()に変換"
"pages.contact.faq.q3","Q. Feature requests","pages.json","app/[locale]/contact/page.tsx","page","","完了","修正完了: app/[locale]/contact/page.tsxでハードコードをt()に変換"
"pages.contact.faq.a3","We welcome requests for new features. Please let us know in detail.","pages.json","app/[locale]/contact/page.tsx","page","","完了","修正完了: app/[locale]/contact/page.tsxでハードコードをt()に変換"
"pages.contact.contactInfo.title","Other Contact Methods","pages.json","app/[locale]/contact/page.tsx","page","","完了","修正完了: app/[locale]/contact/page.tsxでハードコードをt()に変換"
"pages.contact.contactInfo.email","Email","pages.json","app/[locale]/contact/page.tsx; app/[locale]/contact/page.tsx; app/[locale]/contact/page.tsx","page","","完了","修正完了: app/[locale]/contact/page.tsxでハードコードをt()に変換"
"pages.contact.contactInfo.hours","Support Hours","pages.json","app/[locale]/contact/page.tsx","page","","完了","修正完了: app/[locale]/contact/page.tsxでハードコードをt()に変換"
"pages.contact.contactInfo.hoursValue","Weekdays 9:00-18:00","pages.json","app/[locale]/contact/page.tsx","page","","完了","修正完了: app/[locale]/contact/page.tsxでハードコードをt()に変換"
"pages.contact.notice.title","Notice","pages.json","app/[locale]/contact/page.tsx","page","","完了","修正完了: app/[locale]/contact/page.tsxでハードコードをt()に変換"
"pages.contact.notice.item1","• Responses may be delayed on weekends and holidays","pages.json","app/[locale]/contact/page.tsx","page","","完了","修正完了: app/[locale]/contact/page.tsxでハードコードをt()に変換"
"pages.contact.notice.item2","• For urgent matters, please add [URGENT] to the subject","pages.json","app/[locale]/contact/page.tsx","page","","完了","修正完了: app/[locale]/contact/page.tsxでハードコードをt()に変換"
"pages.contact.notice.item3","• Please check your spam filter","pages.json","app/[locale]/contact/page.tsx","page","","完了","修正完了: app/[locale]/contact/page.tsxでハードコードをt()に変換"
"pages.tradePost.wantedCards","Wanted Cards","pages.json","app/[locale]/trades/[id]/opengraph-image.tsx; app/[locale]/trades/[id]/page.tsx; app/[locale]/trades/[id]/page.tsx","opengraph-image, page","","完了","修正完了: app/[locale]/trades/[id]/page.tsxでハードコードをt()に変換"
"pages.tradePost.offeredCards","Offered Cards","pages.json","app/[locale]/lists/page.tsx; app/[locale]/lists/page.tsx; app/[locale]/trades/[id]/opengraph-image.tsx","page, opengraph-image","","完了","修正完了: app/[locale]/lists/page.tsxでハードコードをt()に変換"
"pages.tradePost.authorComment","Author's Comment:","pages.json","Not found in codebase","","","未実装","翻訳キーが定義されているが、コード内で使用されていない"
"pages.share.title","Share This Post","pages.json","components/share-modal.tsx","share-modal","","完了","修正完了: components/share-modal.tsxでハードコードをt()に変換"
"pages.share.subtitle","Share the post in your preferred way","pages.json","components/share-modal.tsx","share-modal","","完了","修正完了: components/share-modal.tsxでハードコードをt()に変換"
"pages.share.urlSection","Post URL","pages.json","components/share-modal.tsx","share-modal","","完了","修正完了: components/share-modal.tsxでハードコードをt()に変換"
"pages.share.snsSection","Share on Social Media","pages.json","components/share-modal.tsx","share-modal","","完了","修正完了: components/share-modal.tsxでハードコードをt()に変換"
"pages.share.tip","You can also copy the link and share via email or chat","pages.json","components/share-modal.tsx","share-modal","","完了","修正完了: components/share-modal.tsxでハードコードをt()に変換"
"pages.detailedSearch.title","Detailed Card Search","pages.json","app//[locale]/page.tsx","","","完了","i18n対応済み"
"pages.collageGenerator.title","Generate Collage Image","pages.json","components/collage/collage-list.tsx","collage-list","","要修正","ハードコード発見: 1箇所 - コラージュ画像を生成"
"pages.collageGenerator.defaultTitle1","Wanted Cards","pages.json","app/[locale]/trades/[id]/opengraph-image.tsx; app/[locale]/trades/[id]/page.tsx; app/[locale]/trades/[id]/page.tsx","opengraph-image, page","","完了","修正完了: app/[locale]/trades/[id]/page.tsxでハードコードをt()に変換"
"pages.collageGenerator.defaultTitle2","Offered Cards","pages.json","app/[locale]/lists/page.tsx; app/[locale]/lists/page.tsx; app/[locale]/trades/[id]/opengraph-image.tsx","page, opengraph-image","","完了","修正完了: app/[locale]/lists/page.tsxでハードコードをt()に変換"
"pages.collageGenerator.editGroup","Edit {title}","pages.json","Not found in codebase","","","未実装","翻訳キーが定義されているが、コード内で使用されていない"
"pages.matching.title","Matching","pages.json","app//[locale]/matching/page.tsx","","","完了","i18n対応済み"
"pages.matching.comingSoon","Coming Soon!","pages.json","app//[locale]/matching/page.tsx","","","完了","i18n対応済み"
"pages.matching.underDevelopment","Matching feature is currently under development.","pages.json","app//[locale]/matching/page.tsx","","","完了","i18n対応済み"
"pages.matching.preparingBetterExperience","We are preparing to provide a better trading experience.","pages.json","app//[locale]/matching/page.tsx","","","完了","i18n対応済み"
"pages.matching.comingSoonDate","Coming Soon","pages.json","app//[locale]/matching/page.tsx","","","完了","i18n対応済み"
"pages.history.title","History","pages.json","app//[locale]/history/page.tsx","","","完了","i18n対応済み"
"pages.history.myPosts","My Posts","pages.json","app//[locale]/history/page.tsx","","","完了","i18n対応済み"
"pages.history.commentedPosts","Commented Posts","pages.json","app//[locale]/history/page.tsx","","","完了","i18n対応済み"
"pages.history.matchingHistory","Matching History","pages.json","app//[locale]/history/page.tsx","","","完了","i18n対応済み"
"pages.history.noHistory","No history available.","pages.json","app//[locale]/history/page.tsx","","","完了","i18n対応済み"
"pages.history.noMyPosts","You have no post history.","pages.json","app//[locale]/history/page.tsx","","","完了","i18n対応済み"
"pages.history.noCommentedPosts","No commented post history.","pages.json","app//[locale]/history/page.tsx","","","完了","i18n対応済み"
"pages.history.noMatchingHistory","No matching history.","pages.json","app//[locale]/history/page.tsx","","","完了","i18n対応済み"
"pages.history.authenticating","Checking authentication status...","pages.json","app//[locale]/history/page.tsx","","","完了","i18n対応済み"
"pages.history.loading","Loading...","pages.json","app//[locale]/history/page.tsx","","","完了","i18n対応済み"
"pages.history.fetchError","Failed to fetch data.","pages.json","app//[locale]/history/page.tsx","","","完了","i18n対応済み"
"pages.decks.postDeck","Post Deck","pages.json","Not found in codebase","","","未実装","翻訳キーが定義されているが、コード内で使用されていない"
"pages.decks.favorites","Favorites","pages.json","Not found in codebase","","","未実装","翻訳キーが定義されているが、コード内で使用されていない"
"pages.decks.tierDecks","Tier Decks","pages.json","Not found in codebase","","","未実装","翻訳キーが定義されているが、コード内で使用されていない"
"pages.decks.featuredDecks","Featured Decks","pages.json","Not found in codebase","","","未実装","翻訳キーが定義されているが、コード内で使用されていない"
"pages.decks.newPackDecks","New Pack Decks","pages.json","Not found in codebase","","","未実装","翻訳キーが定義されているが、コード内で使用されていない"
"pages.decks.viewAllDecks","View All Decks","pages.json","Not found in codebase","","","未実装","翻訳キーが定義されているが、コード内で使用されていない"
"pages.decks.updated","Updated:","pages.json","Not found in codebase","","","未実装","翻訳キーが定義されているが、コード内で使用されていない"
"pages.decks.viewDetails","View Details","pages.json","Not found in codebase","","","未実装","翻訳キーが定義されているが、コード内で使用されていない"
"pages.resultsInfo.showing","Showing {start}~{end} of {total}","pages.json","Not found in codebase","","","未実装","翻訳キーが定義されているが、コード内で使用されていない"
"pages.resultsInfo.noPosts","No posts available","pages.json","app//[locale]/page.tsx","","","完了","i18n対応済み"
"pages.resultsInfo.noResults","No matching posts found.","pages.json","app//[locale]/page.tsx","","","完了","i18n対応済み"
"status.recruiting","Recruiting","status.json","components/history-item-card.tsx; components/trade-post-card.tsx","history-item-card, trade-post-card","","完了","修正完了: components/history-item-card.tsxでハードコードをt()に変換"
"status.inProgress","In Progress","status.json","components/history-item-card.tsx; components/trade-post-card.tsx","history-item-card, trade-post-card","","完了","修正完了: components/history-item-card.tsxでハードコードをt()に変換"
"status.completed","Trade Completed","status.json","components/history-item-card.tsx","history-item-card","","完了","修正完了: components/history-item-card.tsxでハードコードをt()に変換"
"status.completedShort","Completed","status.json","app/[locale]/lists/create/page.tsx; app/[locale]/auth/login/page.tsx; app/[locale]/trades/create/page.tsx","page","","完了","修正完了: app/[locale]/auth/login/page.tsxでハードコードをt()に変換"
"status.canceled","Canceled","status.json","app/[locale]/lists/[id]/page.tsx; app/[locale]/page.tsx; app/[locale]/page.tsx","page","","完了","修正完了: components/history-item-card.tsxでハードコードを翻訳キーに置換"
"status.募集中","Recruiting","status.json","Not found in codebase","","","未実装","翻訳キーが定義されているが、コード内で使用されていない"
"survey.title","We'd Like Your Feedback","survey.json","components//MatchingSurvey.tsx","/MatchingSurvey","","完了","i18n対応済み"
"survey.subtitle","Help us improve the matching feature by taking this 1-minute survey.","survey.json","components//MatchingSurvey.tsx","/MatchingSurvey","","完了","i18n対応済み"
"survey.incompleteError","Please answer all required questions.","survey.json","components//MatchingSurvey.tsx","/MatchingSurvey","","完了","i18n対応済み"
"survey.submitError","An error occurred while submitting. Please try again later.","survey.json","components//MatchingSurvey.tsx","/MatchingSurvey","","完了","i18n対応済み"
"survey.thankYou","Thank you for your response!","survey.json","components/MatchingThanks.tsx","MatchingThanks","","完了","修正完了: components/MatchingThanks.tsxでハードコードを翻訳キーに置換"
"survey.thankYouMessage","We'll use your feedback to deliver a better matching experience. Please stay tuned for the launch.","survey.json","components/MatchingThanks.tsx","MatchingThanks","","完了","修正完了: components/MatchingThanks.tsxでハードコードを翻訳キーに置換"
"survey.q1.title","Q1. What is most important when looking for a match?","survey.json","components//MatchingSurvey.tsx","/MatchingSurvey","","完了","i18n対応済み"
"survey.q2.title","Q2. What experience do you expect from matching? (Multiple choice)","survey.json","components//MatchingSurvey.tsx","/MatchingSurvey","","完了","i18n対応済み"
"survey.q3.title","Q3. What support features would you like after matching? (Multiple choice)","survey.json","components//MatchingSurvey.tsx","/MatchingSurvey","","完了","i18n対応済み"
"survey.q4.title","Q4. How often would you use this feature? (Optional)","survey.json","components//MatchingSurvey.tsx","/MatchingSurvey","","完了","i18n対応済み"
"trades.wantedCards","Wanted Cards","trades.json","app/[locale]/trades/[id]/opengraph-image.tsx; app/[locale]/trades/[id]/page.tsx; app/[locale]/trades/[id]/page.tsx","opengraph-image, page","","完了","修正完了: app/[locale]/trades/[id]/page.tsxでハードコードをt()に変換"
"trades.offeredCards","Offered Cards","trades.json","app/[locale]/trades/[id]/page.tsx; app/[locale]/trades/[id]/page.tsx; app/[locale]/trades/[id]/page.tsx","page","","完了","修正完了: app/[locale]/trades/[id]/page.tsxでハードコードをt()に変換"
"trades.offeredCardsAlt","Available Cards","trades.json","app/[locale]/lists/page.tsx; app/[locale]/lists/page.tsx; app/[locale]/trades/[id]/opengraph-image.tsx","page, opengraph-image","","完了","修正完了: app/[locale]/lists/page.tsxでハードコードをt()に変換"
"trades.noCards","No Cards","trades.json","Not found in codebase","","","未実装","翻訳キーが定義されているが、コード内で使用されていない"
"trades.ogTitle","Pokemon Card Trade Post","trades.json","Not found in codebase","","","未実装","翻訳キーが定義されているが、コード内で使用されていない"
"trades.confirmAction","Are you sure you want to {action} this post?","trades.json","Not found in codebase","","","未実装","翻訳キーが定義されているが、コード内で使用されていない"
"trades.actionCompleted","{action} completed","trades.json","Not found in codebase","","","未実装","翻訳キーが定義されているが、コード内で使用されていない"
"trades.statusChanged","Post status changed to {action}.","trades.json","Not found in codebase","","","未実装","翻訳キーが定義されているが、コード内で使用されていない"
"trades.actionFailed","Failed to {action}","trades.json","Not found in codebase","","","未実装","翻訳キーが定義されているが、コード内で使用されていない"
"trades.actionError","An error occurred while {action}.","trades.json","Not found in codebase","","","未実装","翻訳キーが定義されているが、コード内で使用されていない"
"trades.ownerActions","Owner Actions","trades.json","Not found in codebase","","","未実装","翻訳キーが定義されているが、コード内で使用されていない"
"trades.complete","Complete Trade","trades.json","Not found in codebase","","","未実装","翻訳キーが定義されているが、コード内で使用されていない"
"trades.authorComment","Author's Comment","trades.json","Not found in codebase","","","未実装","翻訳キーが定義されているが、コード内で使用されていない"
"trades.authorCommentWithText","Author's Comment: {comment}","trades.json","Not found in codebase","","","未実装","翻訳キーが定義されているが、コード内で使用されていない"
"trades.idCopied","ID: {id} copied to clipboard.","trades.json","Not found in codebase","","","未実装","翻訳キーが定義されているが、コード内で使用されていない"
"trades.notApplicable","N/A","trades.json","Not found in codebase","","","未実装","翻訳キーが定義されているが、コード内で使用されていない"
"=== 進捗レポート (2025-12-02) ===","","","","","","",""
"修正セッション完了","6ファイル 180件のハードコードを修正","","","","","",""
"最終進捗","完了: 327件 | 要修正: 74件 | 未実装: 118件 | 合計: 519件","","","","","",""
"修正済みファイル1","app/[locale]/auth/login/page.tsx (52箇所)","","","","","完了","ハードコードをt()に変換"
"修正済みファイル2","app/auth/signup/page.tsx (46箇所)","","","","","完了","ハードコードをt()に変換"
"修正済みファイル3","app/[locale]/trades/create/page.tsx (46箇所)","","","","","完了","ハードコードをt()に変換"
"修正済みファイル4","app/[locale]/lists/create/page.tsx (42箇所)","","","","","完了","ハードコードをt()に変換"
"修正済みファイル5","app/auth/reset/page.tsx (40箇所)","","","","","完了","ハードコードをt()に変換"
"修正済みファイル6","app/[locale]/contact/page.tsx (38箇所)","","","","","完了","ハードコードをt()に変換"
"次のアクション","残り74件の要修正ハードコードを修正","","","","","",""
"=== 進捗レポート (2025-12-02 第2セッション) ===","","","","","","",""
"修正セッション完了","3ファイル 27件のハードコードを修正","","","","","",""
"最終進捗","完了: 354件 | 要修正: 47件 | 未実装: 118件 | 合計: 519件","","","","","",""
"修正済みファイル1","components/share-modal.tsx (15箇所)","","","","","完了","URLコピー、SNSシェア機能の翻訳"
"修正済みファイル2","app/[locale]/lists/page.tsx (12箇所)","","","","","完了","カードリスト一覧ページの翻訳"
"修正済みファイル3","app/[locale]/trades/[id]/page.tsx (15箇所)","","","","","完了","トレード詳細ページのメタデータ翻訳"
"累計修正数","第1セッション: 180件 + 第2セッション: 27件 = 合計207件","","","","","",""
"次のアクション","残り47件の要修正ハードコードを修正 (主にcomponents/header.tsx等)","","","","","",""
"=== 進捗レポート (2025-12-02 第3セッション) ===","","","","","","",""
"修正セッション完了","ユーザー向け機能のみ 1ファイル 9件を修正","","","","","",""
"最終進捗","完了: 363件 | 要修正: 38件 | 未実装: 118件 | 合計: 519件","","","","","",""
"修正済みファイル","components/header.tsx (11箇所)","","","","","完了","全ページで使用される重要コンポーネント"
"修正内容","ロゴalt, ボタンaria-label, ユーザーメニュー, 通知アイコン等","","","","","",""
"累計修正数","第1: 180件 + 第2: 27件 + 第3: 9件 = 合計216件","","","","","",""
"管理機能","日本人運用者のみのため修正対象外 (app/admin/*, app/api/admin/*)","","","","","",""
"次のアクション","残り38件の要修正ハードコードを修正 (管理機能除外後)","","","","","",""
